ID,ExpeditionName,Event,EventType,EventSubType,EventDescription,EventunlockDescription,EventunlockSkill,EventunlockSkillLevel,EventunlockRank,EventunlockStat,EventunlockStatLevel,EventunlockItem
1,Greasy Fields,Stepped in Tar,Injury,,Mucky Feet: -50% Movement Speed,Combined Rank of 6 needed to counter this event,,,6,,,
2,Greasy Fields,Camping Spot,Positive,+XP,+5% XP,,,,,,,
3,Greasy Fields,Shortcut,Positive,-Expedition Time,Expedition Time: -5 Days,Combined Rank of 6 will unlock this event,,,6,,,
4,Greasy Fields,Perfect Excavation,Positive,+Exhibit Quality,Exhibit Quality: +1,Combined Rank of 8 will unlock this event,,,8,,,
5,Rib Row,Sandstorm,Negative,Helicopter Damage,Helicopter Damage,June-September: Sandstorm Season,,,,,,
6,Rib Row,Shortcut,Positive,-Expedition Time,Expedition Time: -5 Days,,,,,,,
7,Rib Row,Snake Bite,Injury,,Snakebitten: Decreases Energy,Combined Rank of 5 needed to counter this event,,,5,,,
8,Rib Row,Quick Sand,Negative,+Expedition Time,Expedition Time: +4 Days,Survival Skills needed to counter this event,Survival Skills,1,,,,
9,Rib Row,Camping Spot,Positive,+XP,+5% XP,Combined Rank of 5 will unlock this event,,,5,,,
10,Lake Longloss,Snake Bite,Injury,,Snakebitten: Decreases Energy,February-April: Snake Season,,,,,,
11,Lake Longloss,Seasickness,Illness,,Seasickness: Decreases Toilet Comfort,Combined Rank of 10 will counter this event,,,10,,,
12,Lake Longloss,Fighting Foliage,Injury,,Broken Face: -25% Happiness,Plant Camouflage needed to counter this event,,,,,,Plant Camouflage
13,Lake Longloss,Climbing Accident,Injury,,Hurty Leg: -50% Movement Speed,Survival Skills needed to counter this event,Survival Skills,1,,,,
14,Lake Longloss,Camping Spot,Positive,+XP,+5% XP,Combined Rank of 15 will unlock this event,,,15,,,
15,Cold Mines,Blizzard,Injury,,Cold Feet: -25% Movement Speed,August-November: Blizzard Season,,,,,,
16,Cold Mines,Lost in Caves,Negative,+Expedition Time,Expedition Time: +7 Days,XP-dition Journal needed to counter this event,,,,,,XP-dition Journal
17,Cold Mines,Snow Delay,Negative,+Expedition Time,Expedition Time: +4 Days,Combined Rank of 8 needed to counter this event,,,8,,,
18,Cold Mines,Camping Spot,Positive,+XP,+5% XP,Combined Rank of 10 will unlock this event,,,10,,,
19,Cold Mines,Rockslide,Injury,,Broken Face: -25% Happiness,Combined Rank of 12 needed to counter this event,,,12,,,
20,Frosted Tops,Blizzard,Injury,,Cold Feet: -25% Movement Speed,May-July: Blizzard Season,,,,,,
21,Frosted Tops,Avalanche,MIA,,Lose a Staff Member,Pilot Wings needed to counter this event,Pilot Wings,1,,,,
22,Frosted Tops,Slippery Ice,Injury,,Broken Face: -25% Happiness,Combined Rank of 8 needed to counter this event,,,8,,,
23,Frosted Tops,Climbing Accident,Injury,,Hurty Leg: -50% Movement Speed,Combined Rank of 12 needed to counter this event,,,12,,,
24,Frosted Tops,Camping Spot,Positive,+XP,+5% XP,Survey Skills will unlock this event,Survey Skills,1,,,,
25,Bigfoot Gardens,Stagnant Water,Illness,,Irritable Trowel: Decreases Toilet Comfort,Survey Scanner needed to counter this event,,,,,,Survey Scanner
26,Bigfoot Gardens,Fighting Foliage,Injury,,Broken Face: -25% Happiness,Combined Rank of 8 needed to counter this event,,,8,,,
27,Bigfoot Gardens,Monobeast Nest,Illness,,Monobrow,Combined Rank of 10 needed to counter this event,,,10,,,
28,Bigfoot Gardens,Lost,Negative,+Expedition Time,Expedition Time: +15 Days,XP-dition Journal needed to counter this event,,,,,,XP-dition Journal
29,Bigfoot Gardens,Camping Spot,Positive,+XP,+5% XP,Combined Rank of 5 will unlock this event,,,5,,,
30,Primal Frontier,Blizzard,Injury,,Cold Feet: -25% Movement Speed,May-September: Blizzard Season,,,,,,
31,Primal Frontier,Avalanche,MIA,,Lose a Staff Member,Pilot Wings needed to counter this event,Pilot Wings,1,,,,
32,Primal Frontier,Slippery Ice,Injury,,Broken Face: -25% Happiness,Combined Rank of 20 needed to counter this event,,,20,,,
33,Primal Frontier,Climbing Accident,Injury,,Hurty Leg: -50% Movement Speed,Combined Rank of 30 needed to counter this event,,,30,,,
34,Primal Frontier,Snow Delay,Negative,+Expedition Time,Expedition Time: +4 Days,Survey Skills needed to counter this event,Survey Skills,1,,,,
35,Primal Frontier,Perfect Excavation,Positive,+Exhibit Quality,Exhibit Quality: +1,Rapid Restoration 2 will unlock this event,Rapid Restoration,2,,,,
36,Chomper Jungle,Snake Bite,Injury,,Snakebitten: Decreases Energy,Mar-July: Snake Season,,,,,,
37,Chomper Jungle,Man-Eating Plant,MIA,,Lose a Staff Member,Plant Camouflage needed to counter this event,,,,,,Plant Camouflage
38,Chomper Jungle,Stagnant Water,Illness,,Irritable Trowel: Decreases Toilet Comfort,Combined Rank of 10 needed to counter this event,,,10,,,
39,Chomper Jungle,Fighting Foliage,Injury,,Broken Face: -25% Happiness,Combined Rank of 15 needed to counter this event,,,15,,,
40,Chomper Jungle,Perfect Excavation,Positive,+Exhibit Quality,Exhibit Quality: +1,Combined Rank of 30 will unlock this event,,,30,,,
41,Gnawn Wood,Tropical Storm,Negative,+Expedition Time,Expedition Time: +15 Days,February: Wet Season,,,,,,
42,Gnawn Wood,Fighting Foliage,Injury,,Broken Face: -25% Happiness,Survival Skills needed to counter this event,Survival Skills,1,,,,
43,Gnawn Wood,Monobeast Nest,Illness,,Monobrow,Survey Skills needed to counter this event,Survey Skills,1,,,,
44,Gnawn Wood,Camping Spot,Positive,+XP,+5% XP,Combined Rank of 8 will unlock this event,,,8,,,
45,Treacle Ponds,Heatwave,Injury,,Broken Face: -25% Happiness,March-May: Heatwave Season,,,,,,
46,Treacle Ponds,Stepped in Tar,Injury,,Mucky Feet: -50% Movement Speed,Combined Rank of 10 needed to counter this event,,,10,,,
47,Treacle Ponds,Rockslide,Injury,,Broken Face: -25% Happiness,Survival Skills needed to counter this event,Survival Skills,1,,,,
48,Treacle Ponds,Camping Spot,Positive,+XP,+5% XP,Survey Skills will unlock this event,Survey Skills,1,,,,
49,Treacle Ponds,Perfect Excavation,Positive,+Exhibit Quality,Exhibit Quality: +1,Combined Rank of 15 will unlock this event,,,15,,,
50,Hermit Hills,Snake Bite,Injury,,Snakebitten: Decreases Energy,Combined Rank of 10 needed to counter this event,,,10,,,
51,Hermit Hills,Rockslide,Injury,,Broken Face: -25% Happiness,Combined Rank of 15 needed to counter this event,,,15,,,
52,Hermit Hills,Climbing Accident,Injury,,Hurty Leg: -50% Movement Speed,Survival Skills needed to counter this event,Survival Skills,1,,,,
53,Hermit Hills,Shortcut,Positive,-Expedition Time,Expedition Time: -5 Days,XP-dition Journal will unlock this event,,,,,,XP-dition Journal
54,Hermit Hills,Perfect Excavation,Positive,+Exhibit Quality,Exhibit Quality: +1,Combined Rank of 20 will unlock this event,,,20,,,
55,Must End,Sandstorm,Negative,Helicopter Damage,Helicopter Damage,March-May: Sandstorm Season,,,,,,
56,Must End,Snake Bite,Injury,,Snakebitten: Decreases Energy,Combined Rank of 15 needed to counter this event,,,15,,,
57,Must End,Rockslide,Injury,,Broken Face: -25% Happiness,Combined Rank of 20 needed to counter this event,,,20,,,
58,Must End,Stagnant Water,Illness,,Irritable Trowel: Decreases Toilet Comfort,Survival Skills needed to counter this event,Survival Skills,1,,,,
59,Must End,Shortcut,Positive,-Expedition Time,Expedition Time: -5 Days,Combined Rank of 10 will unlock this event,,,10,,,
60,Must End,Camping Spot,Positive,+XP,+5% XP,Survey Skills will unlock this event,Survey Skills,1,,,,
61,Carrion Trail,Heatwave,Injury,,Broken Face: -25% Happiness,May-August: Heatwave Season,,,,,,
62,Carrion Trail,Quick Sand,Negative,+Expedition Time,Expedition Time: +4 Days,Combined Rank of 7 needed to counter this event,,,7,,,
63,Carrion Trail,Lost,Negative,+Expedition Time,Expedition Time: +4 Days,XP-dition Journal needed to counter this event,,,,,,XP-dition Journal
64,Carrion Trail,Sandstorm,Negative,Helicopter Damage,Helicopter Damage,Survival Skills needed to counter this event,Survival Skills,1,,,,
65,Carrion Trail,Camping Spot,Positive,+XP,+5% XP,,,,,,,
66,Spoony Dunes,Sandstorm,Negative,Helicopter Damage,Helicopter Damage,February-March: Sandstorm Season,,,,,,
67,Spoony Dunes,Heatwave,Injury,,Broken Face: -25% Happiness,July-August: Heatwave Season,,,,,,
68,Spoony Dunes,Quick Sand,Negative,+Expedition Time,Expedition Time: +4 Days,Combined Rank of 5 needed to counter this event,,,5,,,
69,Spoony Dunes,Snake Bite,Injury,,Snakebitten: Decreases Energy,Combined Rank of 7 needed to counter this event,,,7,,,
70,Spoony Dunes,Perfect Excavation,Positive,+Exhibit Quality,Exhibit Quality: +1,Combined Rank of 10 will unlock this event,,,10,,,
71,Spoony Dunes,Camping Spot,Positive,+XP,+5% XP,,,,,,,
72,Withering Way,Cave Collapse,MIA,,Lose a Staff Member,Combined Rank of 30 needed to counter this event. February-July: Seismic Season,,,30,,,
73,Withering Way,Rockslide,Injury,,Broken Face: -25% Happiness,Combined Rank of 15 needed to counter this event,,,15,,,
74,Withering Way,Possessed,Curse,,Ghost Host: Possessed by a mischievous ghost,Combined Rank of 20 needed to counter this event,,,20,,,
75,Withering Way,Lost in Caves,Negative,+Expedition Time,Expedition Time: +7 Days,XP-dition Journal needed to counter this event,,,,,,XP-dition Journal
76,Withering Way,Afterlife Experience,Positive,+XP,Afterlife XP: +2% XP,Combined Rank of 15 will unlock this event,,,15,,,
77,Scruffy Bluff,Fiery Free Fall,MIA,,Lose a Staff Member,Survival Skills 2 needed to counter this event,Survival Skills,2,,,,
78,Scruffy Bluff,Stepped in Lava,Injury,,Hurty Leg: -50% Movement Speed,Survey Skills needed to counter this event,Survey Skills,1,,,,
79,Scruffy Bluff,Chopper Damage,Negative,Helicopter Damage,Helicopter Damage,Pilot Wings 3 needed to counter this event,Pilot Wings,3,,,,
80,Scruffy Bluff,Climbing Accident,Injury,,Hurty Leg: -50% Movement Speed,Combined Rank of 30 needed to counter this event,,,30,,,
81,Scruffy Bluff,Rockslide,Injury,,Broken Face: -25% Happiness,Survey Scanner needed to counter this event,,,,,,Survey Scanner
82,Scruffy Bluff,Perfect Excavation,Positive,+Exhibit Quality,Exhibit Quality: +1,Combined Rank of 35 will unlock this event,,,35,,,
83,Rex Rock,Tropical Storm,Negative,+Expedition Time,Expedition Time: +15 Days,March-May: Wet Season,,,,,,
84,Rex Rock,Man-Eating Plant,MIA,,Lose a Staff Member,Plant Camouflage needed to counter this event,,,,,,Plant Camouflage
85,Rex Rock,Monobeast Nest,Illness,,Monobrow,Survival Skills needed to counter this event,Survival Skills,1,,,,
86,Rex Rock,Climbing Accident,Injury,,Hurty Leg: -50% Movement Speed,Combined Rank of 30 needed to counter this event,,,30,,,
87,Rex Rock,Stagnant Water,Illness,,Irritable Trowel: Decreases Toilet Comfort,Combined Rank of 35 needed to counter this event,,,35,,,
88,Rex Rock,Camping Spot,Positive,+XP,+5% XP,Survey Skills will unlock this event,Survey Skills,1,,,,
89,Herbaceous Greens,Fighting Foliage,Injury,,Broken Face: -25% Happiness,Plant Camouflage needed to counter this event,,,,,,Plant Camouflage
90,Herbaceous Greens,Monobeast Nest,Illness,,Monobrow,Plant Camouflage needed to counter this event,,,,,,Plant Camouflage
91,Herbaceous Greens,Stagnant Water,Illness,,Irritable Trowel: Decreases Toilet Comfort,Combined Rank of 35 needed to counter this event,,,35,,,
92,Herbaceous Greens,Camping Spot,Positive,+XP,+5% XP,Survey Skills will unlock this event,Survey Skills,1,,,,
93,Vintage Vestiges,Shortcut,Positive,-Expedition Time,Expedition Time: -5 Days,,,,,,,
94,Vintage Vestiges,Climbing Accident,Injury,,Hurty Leg: -50% Movement Speed,Survival Skills needed to counter this event,Survival Skills,1,,,,
95,Vintage Vestiges,Camping Spot,Positive,+XP,+5% XP,Survey Skills will unlock this event,Survey Skills,1,,,,
96,Vintage Vestiges,Perfect Excavation,Positive,+Exhibit Quality,Exhibit Quality: +1,Combined Rank of 10 will unlock this event,,,10,,,
97,Lethargic River,Tropical Storm,Negative,+Expedition Time,Expedition Time: +15 Days,July-October: Wet Season,,,,,,
98,Lethargic River,Fighting Foliage,Injury,,Broken Face: -25% Happiness,Combined Rank of 12 needed to counter this event,,,12,,,
99,Lethargic River,Stagnant Water,Illness,,Irritable Trowel: Decreases Toilet Comfort,Combined Rank of 15 needed to counter this event,,,15,,,
100,Lethargic River,Lost,Negative,+Expedition Time,Expedition Time: +15 Days,XP-dition Journal needed to counter this event,,,,,,XP-dition Journal
101,Lethargic River,Snake Bite,Injury,,Snakebitten: Decreases Energy,Survival Skills needed to counter this event,Survival Skills,1,,,,
102,Lethargic River,Perfect Excavation,Positive,+Exhibit Quality,Exhibit Quality: +1,Combined Rank of 20 will unlock this event,,,20,,,
103,Stop Beaton & Deadhorse,Lost,Negative,+Expedition Time,Expedition Time: +15 Days,Survey Skills needed to counter this event,Survey Skills,1,,,,
104,Stop Beaton & Deadhorse,Climbing Accident,Injury,,Hurty Leg: -50% Movement Speed,Survival Skills needed to counter this event,Survival Skills,1,,,,
105,Stop Beaton & Deadhorse,Stepped in Tar,Injury,,Mucky Feet: -50% Movement Speed,Analysis needed to counter this event,Analysis,1,,,,
106,Stop Beaton & Deadhorse,Monobeast Nest,Illness,,Monobrow,Combined Rank of 25 needed to counter this event,,,25,,,
107,Stop Beaton & Deadhorse,Wishing Well,Positive,+XP,+30% XP,Combined Rank of 30 will unlock this event,,,30,,,
108,Stop Beaton & Deadhorse,Perfect Excavation,Positive,+Exhibit Quality,Exhibit Quality: +1,Combined Rank of 40 will unlock this event,,,40,,,
109,Ginormous Rock,Sandstorm,Negative,Helicopter Damage,Helicopter Damage,February-May: Sandstorm Season,,,,,,
110,Ginormous Rock,Stepped in Tar,Injury,,Mucky Feet: -50% Movement Speed,Survey Skills needed to counter this event,Survey Skills,1,,,,
111,Ginormous Rock,Snake Bite,Injury,,Snakebitten: Decreases Energy,Survival Skills needed to counter this event,Survival Skills,1,,,,
112,Ginormous Rock,Heatwave,Injury,,Broken Face: -25% Happiness,Combined Rank of 20 needed to counter this event,,,20,,,
113,Ginormous Rock,Rockslide,Injury,,Broken Face: -25% Happiness,Combined Rank of 25 needed to counter this event,,,25,,,
114,Old Yolk Dome,Sandstorm,Negative,Helicopter Damage,Helicopter Damage,September-October: Sandstorm Season,,,,,,
115,Old Yolk Dome,Snake Bite,Injury,,Snakebitten: Decreases Energy,Survival Skills needed to counter this event,Survival Skills,1,,,,
116,Old Yolk Dome,Climbing Accident,Injury,,Hurty Leg: -50% Movement Speed,Survival Skills needed to counter this event,Survival Skills,1,,,,
117,Old Yolk Dome,Heatwave,Injury,,Broken Face: -25% Happiness,Combined Rank of 25 needed to counter this event,,,25,,,
118,Old Yolk Dome,Monobeast Nest,Illness,,Monobrow,Combined Rank of 30 needed to counter this event,,,30,,,
119,Shag Summit,Blizzard,Injury,,Cold Feet: -25% Movement Speed,Seasons Unknown,,,,,,
120,Shag Summit,Avalanche,MIA,,Lose a Staff Member,Pilot Wings 2 needed to counter this event,Pilot Wings,2,,,,
121,Shag Summit,Slippery Ice,Injury,,Broken Face: -25% Happiness,Aerodynamics 2 needed to counter this event,Aerodynamics,2,,,,
122,Shag Summit,Snow Delay,Negative,+Expedition Time,Expedition Time: +4 Days,Survival Skills 2 needed to counter this event,Survival Skills,2,,,,
123,Shag Summit,Climbing Accident,Injury,,Hurty Leg: -50% Movement Speed,Analysis 2 needed to counter this event,Analysis,2,,,,
124,Shag Summit,Camping Spot,Positive,+XP,+5% XP,Combined Rank of 20 will unlock this event,,,20,,,
125,Temple of the Blobs,Choppy Water,Illness,,Seasickness: Decreases Toilet Comfort,Seasons Unknown,,,,,,
126,Temple of the Blobs,Camping Spot,Positive,+XP,+5% XP,,,,,,,
127,Temple of the Blobs,Sunken Salvage,Positive,+Money,"Money: +$1,000",Survey Scanner will unlock this event,,,,,,Survey Scanner
128,Temple of the Blobs,Fighting Foliage,Negative,+Expedition Time,Expedition Time: +20 Days,Strolling Surveillance needed to counter this event,Strolling Surveillance,1,,,,
129,Temple of the Blobs,Hull Breach,Injury,,Broken Face: -25% Happiness,Combined Rank of 12 needed to counter this event,,,12,,,
130,Temple of the Blobs,Stagnant Water,Illness,,Irritable Trowel: Decreases Toilet Comfort,Survival Skills needed to counter this event,Survival Skills,1,,,,
131,Temple of the Blobs,Fish Food,MIA,,Lose a Staff Member,Fish Whispering 3 needed to counter this event,Fish Whispering,3,,,,
132,Silverback Swamp,Fighting Foliage,Injury,,Broken Face: -25% Happiness,Strolling Surveillance needed to counter this event,Strolling Surveillance,1,,,,
133,Silverback Swamp,Monobeast Nest,Illness,,Monobrow,Combined Rank of 20 needed to counter this event,,,20,,,
134,Silverback Swamp,Forest Fire,Negative,Helicopter Damage,Helicopter Damage,Combined Rank of 8 needed to counter this event,,,8,,,
135,Silverback Swamp,Fireflies,Positive,+Biodiversity,Increases POI Biodiversity level by 15%,Combined Rank of 12 will unlock this event,,,12,,,
136,Hogsport Peninsula,Slow Sailing,Negative,+Expedition Time,Expedition Time: +7 Days,Combined Rank of 5 needed to counter this event,,,5,,,
137,Hogsport Peninsula,Hull Breach,Injury,,Broken Face: -25% Happiness,Combined Rank of 8 needed to counter this event,,,8,,,
138,Hogsport Peninsula,Sunken Salvage,Positive,+Money,"Money: +$1,000",Survey Skills will unlock this event,Survey Skills,1,,,,
139,Hogsport Peninsula,Perfect Catch,Positive,+Exhibit Quality,Exhibit Quality: +1,Fish Whispering will unlock this event,Fish Whispering,1,,,,
140,Pebberley Reef,Hull Breach,Injury,,Broken Face: -25% Happiness,Combined Rank of 5 needed to counter this event,,,5,,,
141,Pebberley Reef,Lost at Sea,Negative,+Expedition Time,Expedition Time: +15 Days,Survey Skills needed to counter this event,Survey Skills,1,,,,
142,Pebberley Reef,Hull Leak,Negative,-Exhibit Quality,Exhibit Quality: -1,Rapid Restoration needed to counter this event,Rapid Restoration,1,,,,
143,Pebberley Reef,Slipstream,Positive,-Expedition Time,Expedition Time: -5 Days,Survey Skills will unlock this event,Survey Skills,1,,,,
144,Pebberley Coast,Tropical Storm,Negative,+Expedition Time,Expedition Time: +15 Days,March-June: Storm Season,,,,,,
145,Pebberley Coast,Sunken Salvage,Positive,+Money,"Money: +$1,000",Survey Skills will unlock this event,Survey Skills,1,,,,
146,Pebberley Coast,Hull Leak,Negative,-Exhibit Quality,Exhibit Quality: -1,Combined Rank of 8 needed to counter this event,,,8,,,
147,Pebberley Coast,Slow Sailing,Negative,+Expedition Time,Expedition Time: +7 Days,Combined Rank of 12 needed to counter this event,,,12,,,
148,Pebberley Coast,Climbing Accident,Injury,,Hurty Leg: -50% Movement Speed,Survival Skills needed to counter this event,Survival Skills,1,,,,
149,Overgrowth Jungle,Tropical Storm,Negative,+Expedition Time,Expedition Time: +15 Days,March-August: Wet Season,,,,,,
150,Overgrowth Jungle,Fighting Foliage,Injury,,Broken Face: -25% Happiness,Plant Camouflage needed to counter this event,,,,,,Plant Camouflage
151,Overgrowth Jungle,Snake Bite,Injury,,Snakebitten: Decreases Energy,Combined Rank of 3 needed to counter this event,,,3,,,
152,Overgrowth Jungle,Shortcut,Positive,-Expedition Time,Expedition Time: -5 Days,XP-dition Journal will unlock this event,,,,,,XP-dition Journal
153,Overgrowth Jungle,Camping Spot,Positive,+XP,+5% XP,Survey Skills will unlock this event,Survey Skills,1,,,,
154,Overgrowth Jungle,Monobeast Nest,Illness,,Monobrow,Combined Rank of 10 needed to counter this event,,,10,,,
155,Bone Bank,Lost at Sea,Negative,+Expedition Time,Expedition Time: +15 Days,Survey Skills needed to counter this event,Survey Skills,1,,,,
156,Bone Bank,Slow Sailing,Negative,+Expedition Time,Expedition Time: +7 Days,Combined Rank of 5 needed to counter this event,,,5,,,
157,Bone Bank,Lost in Sea Caves,Negative,+Expedition Time,Expedition Time: +7 Days,Combined Rank of 8 needed to counter this event,,,8,,,
158,Bone Bank,Hull Breach,Injury,,Broken Face: -25% Happiness,Combined Rank of 10 needed to counter this event,,,10,,,
159,Gulfweed Grove,Choppy Water,Illness,,Seasickness: Decreases Toilet Comfort,Seasons Unknown,,,,,,
160,Gulfweed Grove,Slow Sailing,Negative,+Expedition Time,Expedition Time: +7 Days,Combined Rank of 10 needed to counter this event,,,10,,,
161,Gulfweed Grove,Whirlpool,MIA,,Lose a Staff Member,Pilot Wings needed to counter this event,Pilot Wings,1,,,,
162,Gulfweed Grove,Slipstream,Positive,-Expedition Time,Expedition Time: -5 Days,Combined Rank of 15 will unlock this event,,,15,,,
163,Tide Mountain,Choppy Water,Illness,,Seasickness: Decreases Toilet Comfort,July-September: Rough Season,,,,,,
164,Tide Mountain,Slow Sailing,Negative,+Expedition Time,Expedition Time: +7 Days,Combined Rank of 15 needed to counter this event,,,15,,,
165,Tide Mountain,Avoiding Sharks,Negative,+Expedition Time,Expedition Time: +7 Days,Strolling Surveillance needed to counter this event,Strolling Surveillance,1,,,,
166,Tide Mountain,Fish Food,MIA,,Lose a Staff Member,Pilot Wings needed to counter this event,Pilot Wings,1,,,,
167,Tide Mountain,Perfect Catch,Positive,+Exhibit Quality,Exhibit Quality: +1,Fish Whispering will unlock this event,Fish Whispering,1,,,,
168,Marina Junction,Avoiding Sharks,Negative,+Expedition Time,Expedition Time: +7 Days,Combined Rank of 6 needed to counter this event,,,6,,,
169,Marina Junction,Hull Leak,Negative,-Exhibit Quality,Exhibit Quality: -1,Rapid Restoration needed to counter this event,Rapid Restoration,1,,,,
170,Marina Junction,Perfect Catch,Positive,+Exhibit Quality,Exhibit Quality: +1,Fish Whispering will unlock this event,Fish Whispering,1,,,,
171,S.S. Silverbottom,Sunken Salvage,Positive,+Money,"Money: +$1,000",Survey Skills will unlock this event,Survey Skills,1,,,,
172,S.S. Silverbottom,Possessed,Curse,,Ghost Host: Possessed by a mischievous ghost,Combined Rank of 12 needed to counter this event,,,12,,,
173,S.S. Silverbottom,Seasickness,Illness,,Seasickness: Decreases Toilet Comfort,Survival Skills needed to counter this event,Survival Skills,1,,,,
174,Silverbottom Salvage,Possessed,Curse,,Ghost Host: Possessed by a mischievous ghost,Combined Rank of 20 needed to counter this event,,,20,,,
175,Silverbottom Salvage,Hull Breach,Injury,,Broken Face: -25% Happiness,Survival Skills needed to counter this event,Survival Skills,1,,,,
176,Silverbottom Salvage,Seasickness,Illness,,Seasickness: Decreases Toilet Comfort,Happy Thoughts needed to counter this event,Happy Thoughts,1,,,,
177,Silverbottom Salvage,Shipwreck,MIA,,Lose a Staff Member,Pilot Wings needed to counter this event,Pilot Wings,1,,,,
178,Murky Middlesea,Avoiding Sharks,Negative,+Expedition Time,Expedition Time: +7 Days,Combined Rank of 10 needed to counter this event,,,10,,,
179,Murky Middlesea,Hull Leak,Negative,-Exhibit Quality,Exhibit Quality: -1,Survey Skills needed to counter this event,Survey Skills,1,,,,
180,Murky Middlesea,Slipstream,Positive,-Expedition Time,Expedition Time: -5 Days,Combined Rank of 15 will unlock this event,,,15,,,
181,Murky Middlesea,Fish Food,MIA,,Lose a Staff Member,Pilot Wings needed to counter this event,Pilot Wings,1,,,,
182,Ravenous Caverns,Fish Food,MIA,,Lose a Staff Member,Survival Skills 2 needed to counter this event,Survival Skills,2,,,,
183,Ravenous Caverns,Avoiding Sharks,Negative,+Expedition Time,Expedition Time: +7 Days,Strolling Surveillance needed to counter this event,Strolling Surveillance,1,,,,
184,Ravenous Caverns,Choppy Water,Illness,,Seasickness: Decreases Toilet Comfort,Combined Rank of 15 needed to counter this event,,,15,,,
185,Ravenous Caverns,Perfect Catch,Positive,+Exhibit Quality,Exhibit Quality: +1,Fish Whispering will unlock this event,Fish Whispering,1,,,,
186,Wetlantean Outskirts,Sunken Salvage,Positive,+Money,"Money: +$1,000",Survey Skills will unlock this event,Survey Skills,1,,,,
187,Wetlantean Outskirts,Seasickness,Illness,,Seasickness: Decreases Toilet Comfort,Happy Thoughts needed to counter this event,Happy Thoughts,1,,,,
188,Wetlantean Outskirts,Hull Leak,Negative,-Exhibit Quality,Exhibit Quality: -1,Combined Rank of 7 needed to counter this event,,,7,,,
189,Wetlantean Outskirts,Hull Breach,Injury,,Broken Face: -25% Happiness,Combined Rank of 10 needed to counter this event,,,10,,,
190,Wetlantean Catacombs,Slipstream,Positive,-Expedition Time,Expedition Time: -5 Days,Survey Scanner will unlock this event,,,,,,Survey Scanner
191,Wetlantean Catacombs,Seasickness,Illness,,Seasickness: Decreases Toilet Comfort,Combined Rank of 15 needed to counter this event,,,15,,,
192,Wetlantean Catacombs,Hull Leak,Negative,-Exhibit Quality,Exhibit Quality: -1,Mechanics needed to counter this event,Mechanics,1,,,,
193,Wetlantean Catacombs,Hull Breach,Injury,,Broken Face: -25% Happiness,Mechanics 2 needed to counter this event,Mechanics,2,,,,
194,Wetlantean Treasure Trove,Whirlpool,MIA,,Lose a Staff Member,Pilot Wings needed to counter this event,Pilot Wings,1,,,,
195,Wetlantean Treasure Trove,Fish Food,MIA,,Lose a Staff Member,Fish Whispering needed to counter this event,Fish Whispering,1,,,,
196,Wetlantean Treasure Trove,Hull Leak,Negative,-Exhibit Quality,Exhibit Quality: -1,Mechanics needed to counter this event,Mechanics,1,,,,
197,Wetlantean Treasure Trove,Sunken Salvage,Positive,+Money,"Money: +$1,000",Survey Skills will unlock this event,Survey Skills,1,,,,
198,Wetlantean Treasure Trove,Choppy Water,Illness,,Seasickness: Decreases Toilet Comfort,Combined Rank of 25 needed to counter this event,,,25,,,
199,Numb Drop,Hull Leak,Negative,-Exhibit Quality,Exhibit Quality: -1,Combined Rank of 15 needed to counter this event,,,15,,,
200,Numb Drop,Lost in Sea Caves,Negative,+Expedition Time,Expedition Time: +7 Days,Plant Camouflage needed to counter this event,,,,,,Plant Camouflage
201,Numb Drop,Whirlpool,MIA,,Lose a Staff Member,Survey Skills needed to counter this event,Survey Skills,1,,,,
202,Numb Drop,Fish Food,MIA,,Lose a Staff Member,Fish Whispering needed to counter this event,Fish Whispering,1,,,,
203,Coldspot Cave,Hull Leak,Negative,-Exhibit Quality,Exhibit Quality: -1,Combined Rank of 13 needed to counter this event,,,13,,,
204,Coldspot Cave,Slipstream,Positive,-Expedition Time,Expedition Time: -5 Days,Survey Skills will unlock this event,Survey Skills,1,,,,
205,Coldspot Cave,Choppy Water,Illness,,Seasickness: Decreases Toilet Comfort,Survival Skills 2 needed to counter this event,Survival Skills,2,,,,
206,Coldspot Cave,Shipwreck,MIA,,Lose a Staff Member,Pilot Wings needed to counter this event,Pilot Wings,1,,,,
207,Coldspot Cave,Perfect Catch,Positive,+Exhibit Quality,Exhibit Quality: +1,Fish Whispering 2 will unlock this event,Fish Whispering,2,,,,
208,Downtown Wetlantis,Lost at Sea,Negative,+Expedition Time,Expedition Time: +15 Days,Combined Rank of 20 needed to counter this event,,,20,,,
209,Downtown Wetlantis,Shipwreck,MIA,,Lose a Staff Member,Pilot Wings 2 needed to counter this event,Pilot Wings,2,,,,
210,Downtown Wetlantis,Hull Breach,Injury,,Broken Face: -25% Happiness,Survival Skills 2 needed to counter this event,Survival Skills,2,,,,
211,Downtown Wetlantis,Sunken Salvage,Positive,+Money,"Money: +$1,000",Survey Skills will unlock this event,Survey Skills,1,,,,
212,Uptown Wetlantis,Sunken Salvage,Positive,+Money,"Money: +$1,000",Survey Skills will unlock this event,Survey Skills,1,,,,
213,Uptown Wetlantis,Avoiding Sharks,Negative,+Expedition Time,Expedition Time: +7 Days,Survival Skills needed to counter this event,Survival Skills,1,,,,
214,Uptown Wetlantis,Slipstream,Positive,-Expedition Time,Expedition Time: -5 Days,Combined Rank of 16 will unlock this event,,,16,,,
215,Uptown Wetlantis,Shipwreck,MIA,,Lose a Staff Member,Pilot Wings needed to counter this event,Pilot Wings,1,,,,
216,Soggy Grotto,Avoiding Sharks,Negative,+Expedition Time,Expedition Time: +7 Days,Survival Skills 2 needed to counter this event,Survival Skills,2,,,,
217,Soggy Grotto,Shipwreck,MIA,,Lose a Staff Member,Mechanics needed to counter this event,Mechanics,1,,,,
218,Soggy Grotto,Lost in Sea Caves,Negative,+Expedition Time,Expedition Time: +7 Days,Plant Camouflage needed to counter this event,,,,,,Plant Camouflage
219,Soggy Grotto,Slipstream,Positive,-Expedition Time,Expedition Time: -5 Days,Combined Rank of 20 will unlock this event,,,20,,,
220,Volcanic Springs,Slipstream,Positive,-Expedition Time,Expedition Time: -5 Days,Combined Rank of 30 will unlock this event,,,30,,,
221,Volcanic Springs,Hull Leak,Negative,-Exhibit Quality,Exhibit Quality: -1,Survival Skills 2 needed to counter this event,Survival Skills,2,,,,
222,Volcanic Springs,Hull Breach,Injury,,Broken Face: -25% Happiness,Mechanics 2 needed to counter this event,Mechanics,2,,,,
223,Volcanic Springs,Fiery Free Fall,MIA,,Lose a Staff Member,Pilot Wings 2 needed to counter this event,Pilot Wings,2,,,,
224,Gelatinous Gorge,Lost in Sea Caves,Negative,+Expedition Time,Expedition Time: +7 Days,Plant Camouflage needed to counter this event,,,,,,Plant Camouflage
225,Gelatinous Gorge,Choppy Water,Illness,,Seasickness: Decreases Toilet Comfort,Combined Rank of 25 needed to counter this event,,,25,,,
226,Gelatinous Gorge,Fish Food,MIA,,Lose a Staff Member,Pilot Wings 2 needed to counter this event,Pilot Wings,2,,,,
227,Gelatinous Gorge,Perfect Catch,Positive,+Exhibit Quality,Exhibit Quality: +1,Fish Whispering 2 will unlock this event,Fish Whispering,2,,,,
228,Wetlanteans Wilderness,Slipstream,Positive,-Expedition Time,Expedition Time: -5 Days,Combined Rank of 30 will unlock this event,,,30,,,
229,Wetlanteans Wilderness,Lost at Sea,Negative,+Expedition Time,Expedition Time: +15 Days,Survey Skills 2 needed to counter this event,Survey Skills,2,,,,
230,Wetlanteans Wilderness,Avoiding Sharks,Negative,+Expedition Time,Expedition Time: +7 Days,Strolling Surveillance 2 needed to counter this event,Strolling Surveillance,2,,,,
231,Wetlanteans Wilderness,Hull Breach,Injury,,Broken Face: -25% Happiness,Survival Skills 2 needed to counter this event,Survival Skills,2,,,,
232,Darkest Depths,Slipstream,Positive,-Expedition Time,Expedition Time: -5 Days,Combined Rank of 30 will unlock this event,,,30,,,
233,Darkest Depths,Lost at Sea,Negative,+Expedition Time,Expedition Time: +15 Days,Survey Skills needed to counter this event,Survey Skills,1,,,,
234,Darkest Depths,Choppy Water,Illness,,Seasickness: Decreases Toilet Comfort,Pilot Wings 2 needed to counter this event,Pilot Wings,2,,,,
235,Darkest Depths,Hull Breach,Injury,,Broken Face: -25% Happiness,Survival Skills 2 needed to counter this event,Survival Skills,2,,,,
236,Darkest Depths,Fish Food,MIA,,Lose a Staff Member,Fish Whispering 2 needed to counter this event,Fish Whispering,2,,,,
237,Wetlantean Underwater,Sunken Salvage,Positive,+Money,"Money: +$1,000",Survey Skills 2 will unlock this event,Survey Skills,2,,,,
238,Wetlantean Underwater,Slipstream,Positive,-Expedition Time,Expedition Time: -5 Days,Strolling Surveillance 3 will unlock this event,Strolling Surveillance,3,,,,
239,Wetlantean Underwater,Hull Breach,Injury,,Broken Face: -25% Happiness,Combined Rank of 40 needed to counter this event,,,40,,,
240,Wetlantean Underwater,Avoiding Sharks,Negative,+Expedition Time,Expedition Time: +7 Days,Survival Skills 2 needed to counter this event,Survival Skills,2,,,,
241,Infernal Station,Wishing Well,Positive,+XP,+30% XP,,,,,,,
242,Infernal Station,Ghost Guide,Positive,-Expedition Time,Expedition Time: -5 Days,,,,,,,
243,Infernal Station,Hellhole Holdup,Negative,-Money,"Money: -$5,000",Combined Rank of 3 needed to counter this event,,,3,,,
244,Endless Dump,Afterlife Experience,Positive,+XP,Afterlife XP: +2% XP,Combined Rank of 4 will unlock this event,,,4,,,
245,Endless Dump,Ghost Guide,Positive,-Expedition Time,Expedition Time: -5 Days,,,,,,,
246,Endless Dump,Possessed,Curse,,Ghost Host: Possessed by a mischievous ghost,Happy Thoughts needed to counter this event,Happy Thoughts,1,,,,
247,Endless Dump,Endless Stench,Injury,,Malodorousness: -10% Happiness,Survival Skills needed to counter this event,Survival Skills,1,,,,
248,Iced Spires,Blizzard,Injury,,Cold Feet: -25% Movement Speed,October-December: Blizzard Season,,,,,,
249,Iced Spires,Ghost Guide,Positive,-Expedition Time,Expedition Time: -5 Days,,,,,,,
250,Iced Spires,Afterlife Experience,Positive,+XP,Afterlife XP: +2% XP,Combined Rank of 8 will unlock this event,,,8,,,
251,Iced Spires,Hellhole Holdup,Negative,-Money,"Money: -$5,000",Customer Service needed to counter this event,Customer Service,1,,,,
252,Iced Spires,Slippery Ice,Injury,,Broken Face: -25% Happiness,Aerodynamics needed to counter this event,Aerodynamics,1,,,,
253,Slumber Yard,Nether Nightmare,MIA,,Lose a Staff Member,June-August: Nightmare Season,,,,,,
254,Slumber Yard,Wishing Well,Positive,+XP,+30% XP,,,,,,,
255,Slumber Yard,Friendly Ghost,Positive,+Energy,Nether Blessing: Increases Energy,Combined Rank of 10 will unlock this event,,,10,,,
256,Slumber Yard,Dead Wood,Injury,,Dead Arm: -10% Happiness,Workshop 2 needed to counter this event,Workshop,2,,,,
257,Slumber Yard,Dead Wood,Injury,,Dead Arm: -10% Happiness,Fire-Resistance needed to counter this event,Fire-Resistance,1,,,,
258,Slumber Yard,Hellhole-d,MIA,,Lose a Staff Member,Survival Skills 2 needed to counter this event,Survival Skills,2,,,,
259,Mushroom Wilds,Ghost Guide,Positive,-Expedition Time,Expedition Time: -5 Days,,,,,,,
260,Mushroom Wilds,Fungal Fumes,Illness,,Wild Spore,Combined rank of 12 needed to counter this event,,,12,,,
261,Mushroom Wilds,Transfrogured,Curse,,Frogsworn: Turned into a frog,Happy Thoughts 2 needed to counter this event,Happy Thoughts,2,,,,
262,Mushroom Wilds,Dead Wood,Injury,,Dead Arm: -10% Happiness,Workshop 2 needed to counter this event,Workshop,2,,,,
263,Grave Shallows,Sunken Salvage,Positive,+Money,"Money: +$1,000",Combined Rank of 12 will unlock this event,,,12,,,
264,Grave Shallows,Seasickness,Illness,,Seasickness: Decreases Toilet Comfort,Combined Rank of 14 needed to counter this event,,,14,,,
265,Grave Shallows,Fish Food,MIA,,Lose a Staff Member,Survival Skills 2 needed to counter this event,Survival Skills,2,,,,
266,Grave Shallows,Possessed,Curse,,Ghost Host: Possessed by a mischievous ghost,Happy Thoughts 2 needed to counter this event,Happy Thoughts,2,,,,
267,Netherworld's Fair,Nether Nightmare,MIA,,Lose a Staff Member,September-November: Nightmare Season,,,,,,
268,Netherworld's Fair,Afterlife Experience,Positive,+XP,Afterlife XP: +2% XP,Combined Rank of 20 will unlock this event,,,20,,,
269,Netherworld's Fair,Hellhole Holdup,Negative,-Money,"Money: -$5,000",Strolling Surveillance needed to counter this event,Strolling Surveillance,1,,,,
270,Netherworld's Fair,Stepped in Ectoplasm,Injury,,Ectovacuation: Injuries can be cured in a Staff Room,Survival Skills 2 needed to counter this event,Survival Skills,2,,,,
271,Netherworld's Fair,Transfrogured,Curse,,Frogsworn: Turned into a frog,Happy Thoughts 2 needed to counter this event,Happy Thoughts,2,,,,
272,Hellhole Hangout,Nether Nightmare,MIA,,Lose a Staff Member,September-November: Nightmare Season,,,,,,
273,Hellhole Hangout,Friendly Ghost,Positive,+Energy,Nether Blessing: Increases Energy,Combined Rank of 35 will unlock this event,,,35,,,
274,Hellhole Hangout,Hellhole Holdup,Negative,-Money,"Money: -$5,000",Strolling Surveillance 2 needed to counter this event,Strolling Surveillance,2,,,,
275,Hellhole Hangout,Possessed,Curse,,Ghost Host: Possessed by a mischievous ghost,Combined Rank of 40 needed to counter this event,,,40,,,
276,Hellhole Hangout,Traumatic Experience,Curse,,Traumatic XP: 0 XP gain,Happy Thoughts 3 needed to counter this event,Happy Thoughts,3,,,,
277,Hellhole Hangout,Hellhole-d,MIA,,Lose a Staff Member,Survival Skills 3 needed to counter this event,Survival Skills,3,,,,
278,Backwards Passage,Nether Nightmare,MIA,,Lose a Staff Member,June-August: Nightmare Season,,,,,,
279,Backwards Passage,Afterlife Experience,Positive,+XP,Afterlife XP: +2% XP,Combined Rank of 35 will unlock this event,,,35,,,
280,Backwards Passage,Hellhole Holdup,Negative,-Money,"Money: -$5,000",Strolling Surveillance 2 needed to counter this event,Strolling Surveillance,2,,,,
281,Backwards Passage,Traumatic Experience,Curse,,Traumatic XP: 0 XP gain,Happy Thoughts 3 needed to counter this event,Happy Thoughts,3,,,,
282,Backwards Passage,Spectral Rift,Negative,-Exhibit Quality,Exhibit Quality: -1,Aerodynamics 2 needed to counter this event,Aerodynamics,2,,,,
283,Backwards Passage,Hellhole-d,MIA,,Lose a Staff Member,Survival Skills 3 needed to counter this event,Survival Skills,3,,,,
284,Dead Air Theatre,Nether Nightmare,MIA,,Lose a Staff Member,Seasons Unknown,,,,,,
285,Dead Air Theatre,Friendly Ghost,Positive,+Energy,Nether Blessing: Increases Energy,Combined Rank of 20 will unlock this event,,,20,,,
286,Dead Air Theatre,Hellhole Holdup,Negative,-Money,"Money: -$5,000",Customer Service needed to counter this event,Customer Service,1,,,,
287,Dead Air Theatre,Possessed,Curse,,Ghost Host: Possessed by a mischievous ghost,Happy Thoughts 2 needed to counter this event,Happy Thoughts,2,,,,
288,Dead Air Theatre,Traumatic Experience,Curse,,Traumatic XP: 0 XP gain,Spirit Whispering 2 needed to counter this event,Spirit Whispering,2,,,,
289,The Resting Place,Nether Nightmare,MIA,,Lose a Staff Member,March-May: Nightmare Season,,,,,,
290,The Resting Place,Wishing Well,Positive,+XP,+30% XP,,,,,,,
291,The Resting Place,Friendly Ghost,Positive,+Energy,Nether Blessing: Increases Energy,Spirit Whispering 2 will unlock this event,Spirit Whispering,2,,,,
292,The Resting Place,Hellhole Holdup,Negative,-Money,"Money: -$5,000",Combined Rank of 18 needed to counter this event,,,18,,,
293,The Resting Place,Possessed,Curse,,Ghost Host: Possessed by a mischievous ghost,Happy Thoughts 2 needed to counter this event,Happy Thoughts,2,,,,
294,The Resting Place,Traumatic Experience,Curse,,Traumatic XP: 0 XP gain,Spirit Whispering 2 needed to counter this event,Spirit Whispering,2,,,,
295,Alternate Yesterday,Nether Nightmare,MIA,,Lose a Staff Member,March-May: Nightmare Seaso,,,,,,
296,Alternate Yesterday,Ghost Guide,Positive,-Expedition Time,Expedition Time: -5 Days,,,,,,,
297,Alternate Yesterday,Afterlife Experience,Positive,+XP,Afterlife XP: +2% XP,Camera Room will unlock this event,Camera Room,1,,,,
298,Alternate Yesterday,Stepped in Ectoplasm,Injury,,Ectovacuation: Injuries can be cured in a Staff Room,Survival Skills 2 needed to counter this event,Survival Skills,2,,,,
299,Alternate Yesterday,Spectral Rift,Negative,-Exhibit Quality,Exhibit Quality: -1,Analysis 2 needed to counter this event,Analysis,2,,,,
300,Malicious Dungeon,Nether Nightmare,MIA,,Lose a Staff Member,March-May: Nightmare Season,,,,,,
301,Malicious Dungeon,Afterlife Experience,Positive,+XP,Afterlife XP: +2% XP,Combined Rank of 15 will unlock this event,,,15,,,
302,Malicious Dungeon,Friendly Ghost,Positive,+Energy,Nether Blessing: Increases Energy,Combined Rank of 20 will unlock this event,,,20,,,
303,Malicious Dungeon,Possessed,Curse,,Ghost Host: Possessed by a mischievous ghost,Happy Thoughts needed to counter this event,Happy Thoughts,1,,,,
304,Malicious Dungeon,Hellhole-d,MIA,,Lose a Staff Member,Survival Skills 3 needed to counter this event,Survival Skills,3,,,,
305,Reaper Furrow,Wishing Well,Positive,+XP,+30% XP,,,,,,,
306,Reaper Furrow,Friendly Ghost,Positive,+Energy,Nether Blessing: Increases Energy,Combined Rank of 8 will unlock this event,,,8,,,
307,Reaper Furrow,Hellhole Holdup,Negative,-Money,"Money: -$5,000",Spirit Whispering needed to counter this event,Spirit Whispering,1,,,,
308,Reaper Furrow,Dark Knight Duel,Injury,,Broken Face: -25% Happiness,Aerodynamics needed to counter this event,Aerodynamics,1,,,,
309,Semi-Evil Castle,Nether Nightmare,MIA,,Lose a Staff Member,Seasons Unknown,,,,,,
310,Semi-Evil Castle,Ghost Guide,Positive,-Expedition Time,Expedition Time: -5 Days,,,,,,,
311,Semi-Evil Castle,Afterlife Experience,Positive,+XP,Afterlife XP: +2% XP,Combined Rank of 10 will unlock this event,,,10,,,
312,Semi-Evil Castle,Dark Knight Duel,Injury,,Broken Face: -25% Happiness,Strolling Surveillance needed to counter this event,Strolling Surveillance,1,,,,
313,Semi-Evil Castle,Dark Knight Duel,Injury,,Broken Face: -25% Happiness,Aerodynamics 2 needed to counter this event,Aerodynamics,2,,,,
314,Semi-Evil Castle,Hellhole-d,MIA,,Lose a Staff Member,Survival Skills 2 needed to counter this event,Survival Skills,2,,,,
315,Familiar Falls,Wishing Well,Positive,+XP,+30% XP,,,,,,,
316,Familiar Falls,Spectral Rift,Negative,-Exhibit Quality,Exhibit Quality: -1,Analysis needed to counter this event,Analysis,1,,,,
317,Familiar Falls,Stepped in Ectoplasm,Injury,,Ectovacuation: Injuries can be cured in a Staff Room,Combined Rank of 12 needed to counter this event,,,12,,,
318,Familiar Falls,Hellhole Holdup,Negative,-Money,"Money: -$5,000",Customer Service needed to counter this event,Customer Service,1,,,,
319,Paranormal Detection Agency,Wishing Well,Positive,+XP,+30% XP,,,,,,,
320,Paranormal Detection Agency,Friendly Ghost,Positive,+Energy,Nether Blessing: Increases Energy,Customer Service will unlock this event,Customer Service,1,,,,
321,Paranormal Detection Agency,Stepped in Ectoplasm,Injury,,Ectovacuation: Injuries can be cured in a Staff Room,Survival Skills needed to counter this event,Survival Skills,1,,,,
322,Paranormal Detection Agency,Hellhole Holdup,Negative,-Money,"Money: -$5,000",Combined Rank of 6 needed to counter this event,,,6,,,
323,Fog Moors,Earthquake,Injury,,Broken Face: -25% Happiness,June-August: Seismic Season,,,,,,
324,Fog Moors,Ghost Guide,Positive,-Expedition Time,Expedition Time: -5 Days,,,,,,,
325,Fog Moors,Afterlife Experience,Positive,+XP,Afterlife XP: +2% XP,Combined Rank of 8 will unlock this event,,,8,,,
326,Fog Moors,Hellhole Holdup,Negative,-Money,"Money: -$5,000",Strolling Surveillance needed to counter this event,Strolling Surveillance,1,,,,
327,Fog Moors,Rockslide,Injury,,Broken Face: -25% Happiness,Survival Skills needed to counter this event,Survival Skills,1,,,,
328,Spiffinmoore's Spire,Nether Nightmare,MIA,,Lose a Staff Member,Seasons Unknown,,,,,,
329,Spiffinmoore's Spire,Ghost Guide,Positive,-Expedition Time,Expedition Time: -5 Days,,,,,,,
330,Spiffinmoore's Spire,Friendly Ghost,Positive,+Energy,Nether Blessing: Increases Energy,Combined Rank of 10 will unlock this event,,,10,,,
331,Spiffinmoore's Spire,Transfrogured,Curse,,Frogsworn: Turned into a frog,Spirit Whispering needed to counter this event,Spirit Whispering,1,,,,
332,Spiffinmoore's Spire,Traumatic Experience,Curse,,Traumatic XP: 0 XP gain,Happy Thoughts 2 needed to counter this event,Happy Thoughts,2,,,,
333,Spiffinmoore's Spire,Hellhole-d,MIA,,Lose a Staff Member,Survival Skills 2 needed to counter this event,Survival Skills,2,,,,
334,Oreful Quarry,Rockslide,Injury,,Broken Face: -25% Happiness,Combined Rank of 5 needed to counter this event,,,5,,,
335,Surplus Supplies,Broken Drill,Negative,+Expedition Time,Expedition Time: +5 Days,Combined Rank of 5 needed to counter this event,,,5,,,
336,Surplus Supplies,Rockslide,Injury,,Broken Face: -25% Happiness,Combined Rank of 8 needed to counter this event,,,8,,,
337,Bungle Burrows,Lost in Labs,Negative,+Expedition Time,Expedition Time: +5 Days,XP-dition Journal needed to counter this event,,,,,,XP-dition Journal
338,Bungle Burrows,Subterranean Tremor,Injury,,Broken Face: -25% Happiness,Survival Skills needed to counter this event,Survival Skills,1,,,,
339,Bungle Burrows,Scientific Storage,Positive,+XP,+15% XP,Combined Rank of 5 will unlock this event,,,5,,,
340,Allotment Labs,Stepped on Pears,Injury,,Broken Face: -25% Happiness,,,,,,,
341,Allotment Labs,Im-Peared,MIA,,Lose a Staff Member,Survival Skills needed to counter this event,Survival Skills,1,,,,
342,Allotment Labs,Scientific Storage,Positive,+XP,+15% XP,Combined Rank of 3 will unlock this event,,,3,,,
343,Upper Antique Archives,Scientific Storage,Positive,+XP,+15% XP,,,,,,,
344,Upper Antique Archives,Subterranean Tremor,Injury,,Broken Face: -25% Happiness,Combined Rank of 5 needed to counter this event,,,5,,,
345,Laser Labs,Rotten Researcher,Illness,,Lab Throat: Decreases Energy,Survival Skills needed to counter this event,Survival Skills,1,,,,
346,Laser Labs,Lost in Labs,Negative,+Expedition Time,Expedition Time: +5 Days,Combined Rank of 5 needed to counter this event,,,5,,,
347,Laser Labs,Scientific Storage,Positive,+XP,+15% XP,Combined Rank of 8 will unlock this event,,,8,,,
348,Security Labs,Subterranean Tremor,Injury,,Broken Face: -25% Happiness,Combined Rank of 3 needed to counter this event,,,3,,,
349,Security Labs,Chemical Combustion,Injury,,Hurty Leg: -50% Movement Speed,Combined Rank of 8 needed to counter this event,,,8,,,
350,Security Labs,Rotten Researcher,Illness,,Lab Throat: Decreases Energy,Survival Skills needed to counter this event,Survival Skills,1,,,,
351,Security Labs,Scientific Storage,Positive,+XP,+15% XP,,,,,,,
352,Chemical Labs,Subterranean Tremor,Injury,,Broken Face: -25% Happiness,Combined Rank of 8 needed to counter this event,,,8,,,
353,Chemical Labs,Chemical Combustion,Injury,,Hurty Leg: -50% Movement Speed,Combined Rank of 10 needed to counter this event,,,10,,,
354,Chemical Labs,Sludged,Illness,,Pear Poisoning: Decreases Toilet Comfort,Combined Rank of 15 needed to counter this event,,,15,,,
355,Robot Labs,Subterranean Tremor,Injury,,Broken Face: -25% Happiness,Survival Skills needed to counter this event,Survival Skills,1,,,,
356,Robot Labs,Lost in Labs,Negative,+Expedition Time,Expedition Time: +5 Days,Combined Rank of 8 needed to counter this event,,,8,,,
357,Robot Labs,Scientific Storage,Positive,+XP,+15% XP,Combined Rank of 5 will unlock this event,,,5,,,
358,Modification Labs,Lost in Labs,Negative,+Expedition Time,Expedition Time: +5 Days,XP-dition Journal needed to counter this event,,,,,,XP-dition Journal
359,Modification Labs,Rotten Researcher,Illness,,Lab Throat: Decreases Energy,Combined Rank of 10 needed to counter this event,,,10,,,
360,Modification Labs,Scientific Storage,Positive,+XP,+15% XP,Combined Rank of 6 will unlock this event,,,6,,,
361,Shock Labs,Earthquake,Injury,,Broken Face: -25% Happiness,June-August: Seismic Season,,,,,,
362,Shock Labs,Scientific Storage,Positive,+XP,+15% XP,,,,,,,
363,Memory Labs,Rotten Researcher,Illness,,Lab Throat: Decreases Energy,Survival Skills needed to counter this event,Survival Skills,1,,,,
364,Memory Labs,Boom!,MIA,,Lose a Staff Member,Combined Rank of 20 needed to counter this event,,,20,,,
365,Memory Labs,Scientific Storage,Positive,+XP,+15% XP,,,,,,,
366,Counter Intelligence Labs,Chemical Combustion,Injury,,Hurty Leg: -50% Movement Speed,Combined Rank of 8 needed to counter this event,,,8,,,
367,Counter Intelligence Labs,Lost in Labs,Negative,+Expedition Time,Expedition Time: +5 Days,XP-dition Journal needed to counter this event,,,,,,XP-dition Journal
368,unlock Intelligence Labs,Scientific Storage,Positive,+XP,+15% XP,Combined Rank of 5 will unlock this event,,,5,,,
369,Medical Labs,Chemical Combustion,Injury,,Hurty Leg: -50% Movement Speed,Survey Skills needed to counter this event,Survey Skills,1,,,,
370,Medical Labs,Rotten Researcher,Illness,,Lab Throat: Decreases Energy,Survival Skills needed to counter this event,Survival Skills,1,,,,
371,Medical Labs,Sludged,Illness,,Pear Poisoning: Decreases Toilet Comfort,Combined Rank of 10 needed to counter this event,,,10,,,
372,Charge Labs,Chemical Combustion,Injury,,Hurty Leg: -50% Movement Speed,Combined Rank of 10 needed to counter this event,,,10,,,
373,Charge Labs,Scientific Storage,Positive,+XP,+15% XP,Combined Rank of 8 will unlock this event,,,8,,,
374,Golden Mine,Broken Drill,Negative,+Expedition Time,Expedition Time: +5 Days,Combined Rank of 8 needed to counter this event,,,8,,,
375,Golden Mine,Rockslide,Injury,,Broken Face: -25% Happiness,Combined Rank of 10 needed to counter this event,,,10,,,
376,Golden Mine,Cave Collapse,MIA,,Lose a Staff Member,Combined Rank of 15 needed to counter this event,,,15,,,
377,Lower Antique Archives,Chemical Combustion,Injury,,Hurty Leg: -50% Movement Speed,Analysis needed to counter this event,Analysis,1,,,,
378,Lower Antique Archives,Lost in Labs,Negative,+Expedition Time,Expedition Time: +5 Days,Survey Skills needed to counter this event,Survey Skills,1,,,,
379,Lower Antique Archives,Sludged,Illness,,Pear Poisoning: Decreases Toilet Comfort,Survival Skills needed to counter this event,Survival Skills,1,,,,
380,Lower Antique Archives,Scientific Storage,Positive,+XP,+15% XP,Combined Rank of 10 will unlock this event,,,10,,,
381,Crystal Caves,Broken Drill,Negative,+Expedition Time,Expedition Time: +5 Days,Combined Rank of 5 needed to counter this event,,,5,,,
382,Crystal Caves,Rockslide,Injury,,Broken Face: -25% Happiness,Combined Rank of 8 needed to counter this event,,,8,,,
383,Crystal Caves,Cave Collapse,MIA,,Lose a Staff Member,Combined Rank of 10 needed to counter this event,,,10,,,
384,Cryo Labs,Blizzard,Injury,,Cold Feet: -25% Movement Speed,Survival Skills needed to counter this event,Survival Skills,1,,,,
385,Cryo Labs,Slippery Ice,Injury,,Broken Face: -25% Happiness,Combined Rank of 10 needed to counter this event,,,10,,,
386,Cryo Labs,Scientific Storage,Positive,+XP,+15% XP,Combined Rank of 8 will unlock this event,,,8,,,
387,Two Point Orbit,Warp Burst,Positive,-Expedition Time,Expedition Time: -4 Days,,,,,,,
388,Two Point Orbit,Asteroid Field,Negative,Helicopter Damage,Helicopter Damage,Pilot Wings needed to counter this event,Pilot Wings,1,,,,
389,Two Point Orbit,Meteormites,Illness,,Meteormites,Combined Rank of 3 needed to counter this event,,,3,,,
390,The Moon,Warp Burst,Positive,-Expedition Time,Expedition Time: -4 Days,,,,,,,
391,The Moon,Meteormites,Illness,,Meteormites,Combined Rank of 6 needed to counter this event,,,6,,,
392,The Moon,Asteroid Field,Negative,Helicopter Damage,Helicopter Damage,Pilot Wings needed to counter this event,Pilot Wings,1,,,,
393,Mozzastella,Fondue Free Fall,Injury,,Fondue Shoes: -50% Movement Speed,June-August: Fondue Season,,,,,,
394,Mozzastella,Lost in Cheese Mines,Negative,+Expedition Time,Expedition Time: +20 Days,Drill needed to counter this event,,,,,,Drill
395,Mozzastella,Fondue Free Fall,Injury,,Fondue Shoes: -50% Movement Speed,Combined Rank of 6 needed to counter this event,,,6,,,
396,Mozzastella,Cheesy Scenery,Positive,+XP,+100% XP,,,,,,,
397,Mozzastella,Asteroid Field,Negative,Helicopter Damage,Helicopter Damage,Pilot Wings needed to counter this event,Pilot Wings,1,,,,
398,Blue Cheese Moon,Fondue Free Fall,Injury,,Fondue Shoes: -50% Movement Speed,June-August: Fondue Season,,,,,,
399,Blue Cheese Moon,Lost in Cheese Mines,Negative,+Expedition Time,Expedition Time: +20 Days,Combined Rank of 10 will unlock this event,,,10,,,
400,Blue Cheese Moon,Fondue Free Fall,Injury,,Fondue Shoes: -50% Movement Speed,,,,,,,
401,Blue Cheese Moon,Cheesy Scenery,Positive,+XP,+100% XP,,,,,,,
402,Blue Cheese Moon,Asteroid Field,Negative,Helicopter Damage,Helicopter Damage,Pilot Wings needed to counter this event,Pilot Wings,1,,,,
403,Motherboard,Fondue Free Fall,Injury,,Fondue Shoes: -50% Movement Speed,June-August: Fondue Season,,,,,,
404,Motherboard,Lost in Cheese Mines,Negative,+Expedition Time,Expedition Time: +20 Days,Combined Rank of 10 will unlock this event,,,10,,,
405,Motherboard,Fondue Free Fall,Injury,,Fondue Shoes: -50% Movement Speed,,,,,,,
406,Motherboard,Cheesy Scenery,Positive,+XP,+100% XP,,,,,,,
407,Motherboard,Asteroid Field,Negative,Helicopter Damage,Helicopter Damage,Pilot Wings needed to counter this event,Pilot Wings,1,,,,
408,Gibbon Moon One,Blizzard,Injury,,Cold Feet: -25% Movement Speed,Seasons Unknown,,,,,,
409,Gibbon Moon One,Slippery Ice,Injury,,Broken Face: -25% Happiness,,,,,,,
410,Gibbon Moon One,Snow Delay,Negative,+Expedition Time,Expedition Time: +4 Days,,,,,,,
411,Gibbon Moon One,Warp Drive,Positive,-Expedition Time,Expedition Time: -10 Days,,,,,,,
412,Gibbon Moon One,Asteroid Field,Negative,Helicopter Damage,Helicopter Damage,Pilot Wings needed to counter this event,Pilot Wings,1,,,,
413,Gibbon Moon Two,Earthquake,Injury,,Broken Face: -25% Happiness,June-August: Sandstorm Season,,,,,,
414,Gibbon Moon Two,Sandstorm,Negative,Helicopter Damage,Helicopter Damage,,,,,,,
415,Gibbon Moon Two,Stepped in Tar,Injury,,Mucky Feet: -50% Movement Speed,,,,,,,
416,Gibbon Moon Two,Quick Sand,Negative,+Expedition Time,Expedition Time: +4 Days,,,,,,,
417,Gibbon Moon Two,Warp Drive,Positive,-Expedition Time,Expedition Time: -10 Days,,,,,,,
418,Gibbon Moon Two,Asteroid Field,Negative,Helicopter Damage,Helicopter Damage,Pilot Wings needed to counter this event,Pilot Wings,1,,,,
419,Space Gibbon Circuit,Warp Drive,Positive,-Expedition Time,Expedition Time: -10 Days,,,,,,,
420,Space Gibbon Circuit,Asteroid Field,Negative,Helicopter Damage,Helicopter Damage,,,,,,,
421,Space Gibbon Circuit,Meteormites,Illness,,Meteormites,Combined Rank of 15 needed to counter this event,,,15,,,
422,Gibbon Moon Three,Heatwave,Injury,,Broken Face: -25% Happiness,June-August: Heatwave Season,,,,,,
423,Gibbon Moon Three,Fiery Free Fall,MIA,,Lose a Staff Member,Combined Rank of 20 needed to counter this event,,,20,,,
424,Gibbon Moon Three,Stepped in Lava,Injury,,Hurty Leg: -50% Movement Speed,Survival Skills 2 needed to counter this event,Survival Skills,2,,,,
425,Gibbon Moon Three,Rockslide,Injury,,Broken Face: -25% Happiness,Analysis needed to counter this event,Analysis,1,,,,
426,Gibbon Moon Three,Asteroid Field,Negative,Helicopter Damage,Helicopter Damage,Pilot Wings needed to counter this event,Pilot Wings,1,,,,
427,Gibbon Moon Three,Warp Drive,Positive,-Expedition Time,Expedition Time: -10 Days,,,,,,,
428,Ribbetonia,Tropical Storm,Negative,+Expedition Time,Expedition Time: +15 Days,June-August: Wet Season,,,,,,
429,Ribbetonia,Fungal Fumes,Illness,,Wild Spore,,,,,,,
430,Ribbetonia,Fighting Foliage,Injury,,Broken Face: -25% Happiness,,,,,,,
431,Ribbetonia,Asteroid Field,Negative,Helicopter Damage,Helicopter Damage,Pilot Wings needed to counter this event,Pilot Wings,1,,,,
432,Ribbetonia,Warp Drive,Positive,-Expedition Time,Expedition Time: -10 Days,,,,,,,
433,Hyperway Services,Asteroid Field,Negative,Helicopter Damage,Helicopter Damage,Pilot Wings needed to counter this event,Pilot Wings,1,,,,
434,Hyperway Services,Warp Drive,Positive,-Expedition Time,Expedition Time: -10 Days,,,,,,,
435,Hyperway Services,Meteormites,Illness,,Meteormites,,,,,,,
436,Satelilly Pad,Tropical Storm,Negative,+Expedition Time,Expedition Time: +15 Days,,,,,,,
437,Satelilly Pad,Asteroid Field,Negative,Helicopter Damage,Helicopter Damage,Pilot Wings needed to counter this event,Pilot Wings,1,,,,
438,Satelilly Pad,Warp Drive,Positive,-Expedition Time,Expedition Time: -10 Days,,,,,,,
439,Satelilly Pad,Meteormites,Illness,,Meteormites,,,,,,,
440,Satelilly Pad,Man-Eating Plant,MIA,,Lose a Staff Member,Combined Rank of 30 needed to counter this event,,,30,,,
441,Hayley's Comet,Asteroid Field,Negative,Helicopter Damage,Helicopter Damage,Pilot Wings needed to counter this event,Pilot Wings,1,,,,
442,Hayley's Comet,Meteormites,Illness,,Meteormites,,,,,,,
443,Hayley's Comet,Rockslide,Injury,,Broken Face: -25% Happiness,,,,,,,
444,Hayley's Comet,Rockslide,Injury,,Broken Face: -25% Happiness,,,,,,,
445,Hayley's Comet,Fiery Free Fall,MIA,,Lose a Staff Member,Combined Rank of 30 needed to counter this event,,,30,,,
446,Hayley's Comet,Cave Collapse,MIA,,Lose a Staff Member,Survival Skills needed to counter this event,Survival Skills,1,,,,
447,Anomalonian Archives,Stepped in Lava,Injury,,Hurty Leg: -50% Movement Speed,,,,,,,
448,Anomalonian Archives,Boom!,MIA,,Lose a Staff Member,Combined Rank of 40 needed to counter this event,,,40,,,
449,Anomalonian Archives,Surprise Supplies,Positive,,Entertainment Boost Perk,Combined Rank of 20 will unlock this event,,,20,,,
450,Anomalonian Archives,Meteormites,Illness,,Meteormites,,,,,,,
451,Anomalonian Archives,Camping Spot,Positive,+XP,+5% XP,,,,,,,
452,Anomalonian Archives,Asteroid Field,Negative,Helicopter Damage,Helicopter Damage,Pilot Wings needed to counter this event,Pilot Wings,1,,,,
453,Anomalonian Archives,Lost in Labs,Negative,+Expedition Time,Expedition Time: +5 Days,,,,,,,
454,Meat Wizard,Meat Your Fate,MIA,,Lose a Staff Member,Button Master needed to counter this event,Button Master,1,,,,
455,Meat Wizard,Extra Life,Positive,+XP,+150% XP,XP-dition Journal will unlock this event,,,,,,XP-dition Journal
456,Meat Wizard,Perfect Excavation,Positive,+Exhibit Quality,Exhibit Quality: +1,Rapid Restoration will unlock this event,Rapid Restoration,1,,,,
457,Meat Wizard 2,Meat Your Fate,MIA,,Lose a Staff Member,Button Master needed to counter this event,Button Master,1,,,,
458,Meat Wizard 2,Eaten by Brorccoli,MIA,,Lose a Staff Member,Dexterity of 5 needed to counter this event,,,,DEX,5,
459,Meat Wizard 2,Extra Life,Positive,+XP,+150% XP,Combined rank of 5 will unlock this event,,,5,,,
460,Meat Wizard 2,Perfect Excavation,Positive,+Exhibit Quality,Exhibit Quality: +1,Rapid Restoration will unlock this event,Rapid Restoration,1,,,,
461,Meat Wizard 3D,Design Flaw,Neutral,+Expedition Time,Expedition Time: +10 Days,Survey Skills needed to counter this event,Survey Skills,1,,,,
462,Meat Wizard 3D,Beta Brawl,Injury,,Broken Face: -25% Happiness,Intelligence of 12 needed to counter this event,,,,INT,12,
463,Meat Wizard 3D,Glitch,Illness,,8-bitten: -15% Happiness,Button Master 2 needed to counter this event,Button Master,2,,,,
464,Meat Wizard 3D,Perfect Excavation,Positive,+Exhibit Quality,Exhibit Quality: +1,Rapid Restoration will unlock this event,Rapid Restoration,1,,,,
465,Data Stream,Glitch,Illness,,8-bitten: -15% Happiness,Button Master 2 needed to counter this event,Button Master,2,,,,
466,Data Stream,Seasickness,Illness,,Seasickness: Decreases Toilet Comfort,Combined Rank of 8 needed to counter this event,,,8,,,
467,Data Stream,Perfect Catch,Positive,+Exhibit Quality,Exhibit Quality: +1,Fish Whispering 2 will unlock this event,Fish Whispering,2,,,,
468,The Marrows,Waterspout,Injury,,Dead Arm: -10% Happiness,Combined Rank of 8 needed to counter this event,,,8,,,
469,The Marrows,Guiding Winds,Positive,-Expedition Time,Expedition Time: -5 Days,Survey Scanner will unlock this event,,,,,,Survey Scanner
470,The Marrows,Perfect Catch,Positive,+Exhibit Quality,Exhibit Quality: +1,Fish Whispering will unlock this event,Fish Whispering,1,,,,
471,The Marrows (Night),Aberrant Waterspout,Injury,,Aberrant Weather: -20% Happiness,Combined Rank of 12 needed to counter this event,,,12,,,
472,The Marrows (Night),Miasma,Illness,,Foggy Head: -15% Happiness,Pilot Wings needed to counter this event,Pilot Wings,1,,,,
473,The Marrows (Night),Night Angler,MIA,,Lose a Staff Member,Button Master needed to counter this event,Button Master,1,,,,
474,The Marrows (Night),Perfect Catch,Positive,+Exhibit Quality,Exhibit Quality: +1,Fish Whispering 2 will unlock this event,Fish Whispering,2,,,,
475,Gale Cliffs,Waterspout,Injury,,Dead Arm: -10% Happiness,Combined Rank of 8 needed to counter this event,,,8,,,
476,Gale Cliffs,Hit Rocks,Injury,,Broken Face: -25% Happiness,Combined Rank of 10 needed to counter this event,,,10,,,
477,Gale Cliffs,Serpent,MIA,,Lose a Staff Member,Button Master 2 needed to counter this event,Button Master,2,,,,
478,Gale Cliffs,Perfect Catch,Positive,+Exhibit Quality,Exhibit Quality: +1,Fish Whispering will unlock this event,Fish Whispering,1,,,,
479,Gale Cliffs (Night),Serpent,MIA,,Lose a Staff Member,Button Master 2 needed to counter this event,Button Master,2,,,,
480,Gale Cliffs (Night),Aberrant Waterspout,Injury,,Aberrant Weather: -20% Happiness,Combined Rank of 12 needed to counter this event,,,12,,,
481,Gale Cliffs (Night),Miasma,Illness,,Foggy Head: -15% Happiness,Pilot Wings needed to counter this event,Pilot Wings,1,,,,
482,Gale Cliffs (Night),Perfect Catch,Positive,+Exhibit Quality,Exhibit Quality: +1,Fish Whispering 2 will unlock this event,Fish Whispering,2,,,,
483,Stellar Basin,Guiding Winds,Positive,-Expedition Time,Expedition Time: -5 Days,Survey Scanner will unlock this event,,,,,,Survey Scanner
484,Stellar Basin,Hit Rocks,Injury,,Broken Face: -25% Happiness,Survey Scanner needed to counter this event,,,,,,Survey Scanner
485,Stellar Basin,Stellar Basin Creature,MIA,,Lose a Staff Member,Button Master 3 needed to counter this event,Button Master,3,,,,
486,Stellar Basin,Perfect Catch,Positive,+Exhibit Quality,Exhibit Quality: +1,Fish Whispering will unlock this event,Fish Whispering,1,,,,
487,Stellar Basin (Night),Stellar Basin Creature,MIA,,Lose a Staff Member,Button Master 3 needed to counter this event,Button Master,3,,,,
488,Stellar Basin (Night),Aberrant Waterspout,Injury,,Aberrant Weather: -20% Happiness,Combined Rank of 18 needed to counter this event,,,18,,,
489,Stellar Basin (Night),Miasma,Illness,,Foggy Head: -15% Happiness,Pilot Wings 2 needed to counter this event,Pilot Wings,2,,,,
490,Stellar Basin (Night),Perfect Catch,Positive,+Exhibit Quality,Exhibit Quality: +1,Fish Whispering 2 will unlock this event,Fish Whispering,2,,,,
491,Mad Forest,Pipeestrello,Illness,,Bat-Bitten: -15% Happiness,Garlic needed to counter this event,,,,,,Garlic
492,Mad Forest,Mudman,Injury,,Broken Face: -25% Happiness,Strength of 8 needed to counter this event,,,,STR,8,
493,Mad Forest,Flower Wall,Negative,+Expedition Time,Expedition Time: +20 days,Button Master needed to counter this event,Button Master,1,,,,
494,Mad Forest,Floor Chicken,Positive,+Happiness,+15% Happiness,Button Master 2 will unlock this event,Button Master,2,,,,
495,Mad Forest,The Reaper,MIA,,Lose a Staff Member,Combined Rank of 14 needed to counter this event,,,14,,,
496,Inlaid Library,Sig.ra Rossi,Injury,,Super Singed: -25% Happiness,Dexterity of 12 needed to counter this event,,,,DEX,12,
497,Inlaid Library,Dust Elemental,Curse,,Dust Blind,Stone Mask needed to counter this event,,,,,,Stone Mask
498,Inlaid Library,Sneaky Head,Negative,+Expedition Time,Expedition Time: +30 days,Spirit Whispering 2 needed to counter this event,Spirit Whispering,2,,,,
499,Inlaid Library,Gold Coin,Positive,+Money,"+$5,000",Luck of 10 will unlock this event,,,,LUCK,10,
500,Inlaid Library,The Reaper,MIA,,Lose a Staff Member,Luck of 15 needed to counter this event,,,,LUCK,15,
501,Cappella Magna,Yellow Reaper,Curse,,Ghost Host: Possessed by a mischievous ghost,Button Master 2 needed to counter this event,Button Master,2,,,,
502,Cappella Magna,Demon Beast,MIA,,Lose a Staff Member,Dexterity of 10 needed to counter this event,,,,DEX,10,
503,Cappella Magna,Archon Rame,Injury,,Fantastical Damage: -20% Happiness,Santa Water needed to counter this event,,,,,,Santa Water
504,Cappella Magna,Floor Chicken,Positive,+Happiness,+15% Happiness,Button Master 3 will unlock this event,Button Master,3,,,,
505,Cappella Magna,Gold Coin,Positive,+Money,"+$5,000",Clover will unlock this event,,,,,,Clover
506,Cappella Magna,The Reaper,MIA,,Lose a Staff Member,Strength of 15 needed to counter this event,,,,STR,15,
507,The Fledgling Arms,Tavern Tussle,Injury,,Broken Face: -25% Happiness,Strength of 3 will unlock this event,,,,STR,3,
508,The Fledgling Arms,Side Quest,Positive,+XP,+25% XP,Luck of 5 will unlock this event,,,,LUCK,5,
509,Wishfell Village,Stock Shame,Negative,-Happiness,Stock Shame: -15% Happiness,Intelligence of 5 needed to counter this event,,,,INT,5,
510,Wishfell Village,Side Quest,Positive,+XP,+25% XP,Intelligence of 10 will unlock this event,,,,INT,10,
511,Wishfell Village,Treasure Chest,Positive,+Money,"Money: +$7,500",Luck of 13 will unlock this event,,,,LUCK,13,
512,Fairydale,Stock Shame,Negative,-Happiness,Stock Shame: -15% Happiness,Intelligence of 5 needed to counter this event,,,,INT,5,
513,Fairydale,Haggling Hiatus,Negative,+Expedition Time,Expedition Time: +7 Days,Luck of 8 needed to counter this event,,,,LUCK,8,
514,Fairydale,Character Development,Positive,+XP,+30% XP,Dexterity of 10 will unlock this event,,,,DEX,10,
515,Fairydale (Destroyed),Wildfire,Curse,,Wildfire: -400% XP,Combined Strength of 35 needed to counter this event,,,,STR,35,
516,Fairydale (Destroyed),Dragon Delays,Negative,+Expedition Time,Expedition Time: +7 Days,Combined Luck of 25 needed to counter this event,,,,LUCK,25,
517,Fairydale (Destroyed),Grave Goblins,Injury,,Broken Face: -25% Happiness,Combined Dexterity of 25 needed to counter this event,,,,DEX,25,
518,Rainor Shrine,Fowl Surprise,Injury,,Broken Face: -25% Happiness,Dexterity of 5 needed to counter this event,,,,DEX,5,
519,Rainor Shrine,Prince Pox,Illness,,Prince Pox: Decreases Food,Intelligence of 12 needed to counter this event,,,,INT,12,
520,Rainor Shrine,Ambush Bush,Negative,-Money,"Money: -$5,000",Strength of 15 needed to counter this event,,,,STR,15,
521,Rainor Shrine,Perfect Excavation,Positive,+Exhibit Quality,Exhibit Quality: +1,Rapid Restoration will unlock this event,Rapid Restoration,1,,,,
522,Archwise Rise,Magic Misfire,Curse,,Magic Misfire,Intelligence of 15 needed to counter this event,,,,INT,15,
523,Archwise Rise,Hero's Hand,Positive,+XP,+30% XP,Intelligence of 25 will unlock this event,,,,INT,25,
524,Archwise Rise,Best Quest'n,Positive,+Happiness,Best Quest'n: +15% Happiness,Combined Rank of 10 will unlock this event,,,10,,,
525,Port Storm,Distressed Crab,Injury,,Hurty Leg: -50% Movement Speed,Dexterity of 3 needed to counter this event,,,,DEX,3,
526,Port Storm,Transfishured,MIA,,Lose a Staff Member,Intelligence of 10 needed to counter this event,,,,INT,10,
527,Port Storm,Picked Lock,Positive,-Expedition Time,Expedition Time: -7 Days,Luck of 5 will unlock this event,,,,LUCK,5,
528,Port Storm,Perfect Catch,Positive,+Exhibit Quality,Exhibit Quality: +1,Fish Whispering will unlock this event,Fish Whispering,1,,,,
529,Troll Bridge,Troll Toll,Negative,-Money,"Money: -$5,000",Intelligence of 10 needed to counter this event,,,,INT,10,
530,Troll Bridge,Fowl Surprise,Injury,,Broken Face: -25% Happiness,Strength of 15 needed to counter this event,,,,STR,15,
531,Troll Bridge,Ambush Bush,Negative,-Money,"Money: -$5,000",Strength of 25 needed to counter this event,,,,STR,25,
532,Battlefelled,Rodent Rage,Illness,,Rodent Rage: Decreases Energy,Dexterity of 45 needed to counter this event,,,,DEX,45,
533,Battlefelled,Grave Goblins,Injury,,Broken Face: -25% Happiness,Strength of 40 needed to counter this event,,,,STR,40,
534,Battlefelled,Treasure Chest,Positive,+Money,"Money: +$7,500",Luck of 40 will unlock this event,,,,LUCK,40,
535,Battlefelled,Picked Lock,Positive,-Expedition Time,Expedition Time: -7 Days,Intelligence of 15 will unlock this event,,,,INT,15,
536,Mines of Adnausea,Ambush Bush,Negative,-Money,"Money: -$5,000",Strength of 10 needed to counter this event,,,,STR,10,
537,Mines of Adnausea,Worm Food,MIA,,Lose a Staff Member,Dexterity of 20 needed to counter this event,,,,DEX,20,
538,Mines of Adnausea,Picked Lock,Positive,-Expedition Time,Expedition Time: -7 Days,Intelligence of 7 will unlock this event,,,,INT,7,
539,Great Dwharf,Rodent Rage,Illness,,Rodent Rage: Decreases Energy,Intelligence of 12 needed to counter this event,,,,INT,12,
540,Great Dwharf,Ambush Bush,Negative,-Money,"Money: -$5,000",Strength of 15 needed to counter this event,,,,STR,15,
541,Great Dwharf,Character Development,Positive,+XP,+30% XP,Luck of 13 will unlock this event,,,,LUCK,13,
542,Great Dwharf,Best Quest'n,Positive,+Happiness,Best Quest'n: +15% Happiness,Combined Rank of 15 will unlock this event,,,15,,,
543,Furious Forge,Rodent Rage,Illness,,Rodent Rage: Decreases Energy,Strength of 15 needed to counter this event,,,,STR,15,
544,Furious Forge,Hero's Hand,Positive,+XP,+30% XP,Strength of 25 will unlock this event,,,,STR,25,
545,Furious Forge,Best Quest'n,Positive,+Happiness,Best Quest'n: +15% Happiness,Combined Rank of 10 will unlock this event,,,10,,,
546,Cog Tower,Wildfire,Curse,,Wildfire: -400% XP,Dexterity of 50 needed to counter this event,,,,DEX,50,
547,Cog Tower,Teleportation Trap,Injury,,Broken Face: -25% Happiness,Luck of 40 needed to counter this event,,,,LUCK,40,
548,Cog Tower,Picked Lock,Positive,-Expedition Time,Expedition Time: -7 Days,Dexterity of 30 will unlock this event,,,,DEX,30,
549,Cog Tower,Treasure Chest,Positive,+Money,"Money: +$7,500",Luck of 45 will unlock this event,,,,LUCK,45,
550,Folktown,Ambush Bush,Negative,-Money,"Money: -$5,000",Strength of 12 needed to counter this event,,,,STR,12,
551,Folktown,Haggling Hiatus,Negative,+Expedition Time,Expedition Time: +7 Days,Intelligence of 15 needed to counter this event,,,,INT,15,
552,Folktown,Petrified,MIA,,Lose a Staff Member,Potion Master 2 needed to counter this event,Potion Master,2,,,,
553,Folktown,Character Development,Positive,+XP,+30% XP,Dexterity of 18 will unlock this event,,,,DEX,18,
554,The Woblin' Goblin,Tavern Tussle,Injury,,Broken Face: -25% Happiness,Luck of 15 needed to counter this event,,,,LUCK,15,
555,The Woblin' Goblin,Hero's Hand,Positive,+XP,+30% XP,Luck of 25 will unlock this event,,,,LUCK,25,
556,The Woblin' Goblin,Best Quest'n,Positive,+Happiness,Best Quest'n: +15% Happiness,Combined Rank of 10 will unlock this event,,,10,,,
557,Jagged Jaunt,Distressed Crab,Injury,,Hurty Leg: -50% Movement Speed,Dexterity of 5 needed to counter this event,,,,DEX,5,
558,Jagged Jaunt,Lost at Sea,Negative,+Expedition Time,Expedition Time: +15 Days,Luck of 10 needed to counter this event,,,,LUCK,10,
559,Jagged Jaunt,Siren Song,MIA,,Lose a Staff Member,Intelligence of 30 needed to counter this event,,,,INT,30,
560,Jagged Jaunt,Perfect Catch,Positive,+Exhibit Quality,Exhibit Quality: +1,Survey Skills will unlock this event,Survey Skills,1,,,,
561,Obscure City,Haggling Hiatus,Negative,+Expedition Time,Expedition Time: +7 Days,Intelligence of 8 will unlock this event,,,,INT,8,
562,Obscure City,Best Quest'n,Positive,+Happiness,Best Quest'n: +15% Happiness,Combined Rank of 10 will unlock this event,,,10,,,
563,Obscure City,Character Development,Positive,+XP,+30% XP,Luck of 13 will unlock this event,,,,LUCK,13,
564,Cumulus Woods,Ambush Bush,Negative,-Money,"Money: -$5,000",Strength of 14 needed to counter this event,,,,STR,14,
565,Cumulus Woods,Rodent Rage,Illness,,Rodent Rage: Decreases Energy,Dexterity of 20 needed to counter this event,,,,DEX,20,
566,Cumulus Woods,Prince Pox,Illness,,Prince Pox: Decreases Food,Luck of 24 needed to counter this event,,,,LUCK,24,
567,Cumulus Woods,Side Quest,Positive,+XP,+25% XP,Intelligence of 15 will unlock this event,,,,INT,15,
568,Upside Town,Fatal Fate,MIA,,Lose a Staff Member,Intelligence of 50 needed to counter this event,,,,INT,50,
569,Upside Town,Worm Food,MIA,,Lose a Staff Member,Strength of 45 needed to counter this event,,,,STR,45,
570,Upside Town,Teleportation Trap,Injury,,Broken Face: -25% Happiness,Dexterity of 35 needed to counter this event,,,,DEX,35,
571,Upside Town,Picked Lock,Positive,-Expedition Time,Expedition Time: -7 Days,Intelligence of 35 will unlock this event,,,,INT,35,
572,Upside Town,Treasure Chest,Positive,+Money,"Money: +$7,500",Luck of 45 will unlock this event,,,,LUCK,45,
573,Halvenhaf Castle,Teleportation Trap,Injury,,Broken Face: -25% Happiness,Dexterity of 14 needed to counter this event,,,,DEX,14,
574,Halvenhaf Castle,Magic Misfire,Curse,,Magic Misfire,Intelligence of 20 needed to counter this event,,,,INT,20,
575,Halvenhaf Castle,Wildfire,Curse,,Wildfire: -400% XP,Luck of 26 needed to counter this event,,,,LUCK,26,
576,Halvenhaf Castle,Petrified,MIA,,Lose a Staff Member,Strength of 30 needed to counter this event,,,,STR,30,
577,Halvenhaf Castle,Best Quest'n,Positive,+Happiness,Best Quest'n: +15% Happiness,Combined Rank of 15 will unlock this event,,,15,,,
578,Longrange Inn,Tavern Tussle,Injury,,Broken Face: -25% Happiness,Dexterity of 15 needed to counter this event,,,,DEX,15,
579,Longrange Inn,Hero's Hand,Positive,+XP,+30% XP,Dexterity of 25 will unlock this event,,,,DEX,25,
580,Longrange Inn,Best Quest'n,Positive,+Happiness,Best Quest'n: +15% Happiness,Combined Rank of 10 will unlock this event,,,10,,,
581,Bizarre Market,Tavern Tussle,Injury,,Broken Face: -25% Happiness,Strength of 40 needed to counter this event,,,,STR,40,
582,Bizarre Market,Haggling Hiatus,Negative,+Expedition Time,Expedition Time: +7 Days,Luck of 35 needed to counter this event,,,,LUCK,35,
583,Bizarre Market,Mimic Munch,MIA,,Lose a Staff Member,Dexterity of 45 needed to counter this event,,,,DEX,45,
584,Bizarre Market,Picked Lock,Positive,-Expedition Time,Expedition Time: -7 Days,Intelligence of 30 will unlock this event,,,,INT,30,
585,Bizarre Market,Treasure Chest,Positive,+Money,"Money: +$7,500",Luck of 45 will unlock this event,,,,LUCK,45,
586,Flue Pastures,Dragon Delays,Negative,+Expedition Time,Expedition Time: +7 Days,Intelligence of 40 needed to counter this event,,,,INT,40,
587,Flue Pastures,Wildfire,Curse,,Wildfire: -400% XP,Dexterity of 50 needed to counter this event,,,,DEX,50,
588,Flue Pastures,Character Development,Positive,+XP,+30% XP,Luck of 40 will unlock this event,,,,LUCK,40,
589,Wyvern Way,Rodent Rage,Illness,,Rodent Rage: Decreases Energy,Dexterity of 40 needed to counter this event,,,,DEX,40,
590,Wyvern Way,Worm Food,MIA,,Lose a Staff Member,Luck of 45 needed to counter this event,,,,LUCK,45,
591,Wyvern Way,Wildfire,Curse,,Wildfire: -400% XP,Strength of 55 needed to counter this event,,,,STR,55,
592,Wyvern Way,Side Quest,Positive,+XP,+25 %XP,Intelligence of 35 will unlock this event,,,,INT,35,
593,Mount Gloom,Petrified,MIA,,Lose a Staff Member,Dexterity of 45 needed to counter this event,,,,DEX,45,
594,Mount Gloom,Grave Goblins,Injury,,Broken Face: -25% Happiness,Strength of 50 needed to counter this event,,,,STR,50,
595,Mount Gloom,Wildfire,Curse,,Wildfire: -400% XP,Intelligence of 60 needed to counter this event,,,,INT,60,
596,Mount Gloom,Treasure Chest,Positive,+Money,"Money: +$7,500",Luck of 50 will unlock this event,,,,LUCK,50,
597,Mount Gloom,Picked Lock,Positive,-Expedition Time,Expedition Time: -7 Days,Combined Rank of 30 will unlock this event,,,30,,,
598,Sticky Thicket,Snake Bite,Injury,,Snakebitten: Decreases Energy,Combined Rank of 5 needed to counter this event,,,5,,,
599,Sticky Thicket,Farflung Fissure,Negative,+Expedition Time,Expedition Time: +14 Days,Combined Rank of 8 needed to counter this event,,,8,,,
600,Sticky Thicket,Mudslide,Negative,Decrease Biodiversity,Decreases POI Biodiversity level by 10%,Pilot Wings needed to counter this event,Pilot Wings,1,,,,
601,Sticky Thicket,Camping Spot,Positive,+XP,+5% XP,XP-dition Journal will unlock this event,,,,,,XP-dition Journal
602,Farflung Jungle,Sinkhole,Injury,,Mucky Feet: -50% Movement Speed,Survival Skills needed to counter this event,Survival Skills,1,,,,
603,Farflung Jungle,Farflung Fissure,Negative,+Expedition Time,Expedition Time: +14 Days,Combined Rank of 5 needed to counter this event,,,5,,,
604,Farflung Jungle,Fireflies,Positive,+Biodiversity,Increases POI Biodiversity level by 15%,Combined Rank of 10 will unlock this event,,,10,,,
605,Eversteam Forest,Sinkhole,Injury,,Mucky Feet: -50% Movement Speed,Combined Rank of 12 needed to counter this event,,,12,,,
606,Eversteam Forest,Forest Fire,Negative,Helicopter Damage,Helicopter Damage,Fire-Resistance needed to counter this event,Fire-Resistance,1,,,,
607,Eversteam Forest,Tropical Storm,Negative,+Expedition Time,Expedition Time: +15 Days,Aerodynamics needed to counter this event,Aerodynamics,1,,,,
608,Eversteam Forest,Fireflies,Positive,+Biodiversity,Increases POI Biodiversity level by 15%,Micro-Zoology will unlock this event,Micro-Zoology,1,,,,
609,Eaten Track,Soiled Self,Illness,,Soiled Self: -50% Movement Speed,Combined Rank of 30 needed to counter this event,,,30,,,
610,Eaten Track,Bug Food,MIA,,Lose a Staff Member,Macro-Zoology needed to counter this event,Macro-Zoology,1,,,,
611,Eaten Track,Forest Fire,Negative,Helicopter Damage,Helicopter Damage,Pilot Wings needed to counter this event,Pilot Wings,1,,,,
612,Eaten Track,Farflung Fissure,Negative,+Expedition Time,Expedition Time: +14 Days,XP-dition Journal needed to counter this event,,,,,,XP-dition Journal
613,Bumbling Bush,Mudslide,Negative,-Decrease Biodiversity,Decreases POI Biodiversity level by 10%,Pilot Wings needed to counter this event,Pilot Wings,1,,,,
614,Bumbling Bush,Hairball,Negative,+Expedition Time,Expedition Time: +14 Days,Combined Rank of 32 needed to counter this event,,,32,,,
615,Bumbling Bush,Soiled Self,Illness,,Soiled Self: -50% Movement Speed,Combined Rank of 40 needed to counter this event,,,40,,,
616,Bumbling Bush,Adopted,MIA,,Lose a Staff Member,Macro-Zoology needed to counter this event,Macro-Zoology,1,,,,
617,The Heat Line,Sinkhole,Injury,,Mucky Feet: -50% Movement Speed,Combined Rank of 5 needed to counter this event,,,5,,,
618,The Heat Line,Farflung Fissure,Negative,+Expedition Time,Expedition Time: +14 Days,Combined Rank of 8 needed to counter this event,,,8,,,
619,The Heat Line,Heatwave,Injury,,Broken Face: -25% Happiness,Combined Rank of 12 needed to counter this event,,,12,,,
620,The Heat Line,Shortcut,Positive,-Expedition Time,Expedition Time: -5 Days,XP-dition Journal will unlock this event,,,,,,XP-dition Journal
621,Lion Lowlands,Forest Fire,Negative,Helicopter Damage,Helicopter Damage,Fire-Resistance needed to counter this event,Fire-Resistance,1,,,,
622,Lion Lowlands,Heatwave,Injury,,Broken Face: -25% Happiness,Combined Rank of 25 needed to counter this event,,,25,,,
623,Lion Lowlands,Animal Magnetism,Illness,,Animal Magnetism,Micro-Zoology needed to counter this event,Micro-Zoology,1,,,,
624,Lion Lowlands,Fireflies,Positive,+Biodiversity,Increases POI Biodiversity level by 15%,Pollen Packet will unlock this event,,,,,,Pollen Packet
625,Farflung Desert,Soiled Self,Illness,,Soiled Self: -50% Movement Speed,Combined Rank of 30 needed to counter this event,,,30,,,
626,Farflung Desert,Sandstorm,Negative,Helicopter Damage,Helicopter Damage,Pilot Wings needed to counter this event,Pilot Wings,1,,,,
627,Farflung Desert,Quick Sand,Negative,+Expedition Time,Expedition Time: +4 Days,Combined Rank of 15 needed to counter this event,,,15,,,
628,Parched Prairie,Soiled Self,Illness,,Soiled Self: -50% Movement Speed,Combined Rank of 25 needed to counter this event,,,25,,,
629,Parched Prairie,Heatwave,Injury,,Broken Face: -25% Happiness,Combined Rank of 15 needed to counter this event,,,15,,,
630,Parched Prairie,Camping Spot,Positive,+XP,+5% XP,XP-dition Journal will unlock this event,,,,,,XP-dition Journal
631,Spore Garden,Sinkhole,Injury,,Mucky Feet: -50% Movement Speed,Combined Rank of 15 needed to counter this event,,,15,,,
632,Spore Garden,Hairball,Negative,+Expedition Time,Expedition Time: +14 Days,Survival Skills needed to counter this event,Survival Skills,1,,,,
633,Spore Garden,Fighting Foliage,Negative,+Expedition Time,Expedition Time: +20 days,Combined Rank of 10 needed to counter this event,,,10,,,
634,Spore Garden,Fireflies,Positive,+Biodiversity,Increases POI Biodiversity level by 15%,Micro-Zoology will unlock this event,Micro-Zoology,1,,,,
635,Farflung Green,Animal Magnetism,Illness,,Animal Magnetism,Combined Rank of 20 needed to counter this event,,,20,,,
636,Farflung Green,Fighting Foliage,Negative,+Expedition Time,Expedition Time: +20 days,Survival Skills needed to counter this event,Survival Skills,1,,,,
637,Farflung Green,Farflung Fissure,Negative,+Expedition Time,Expedition Time: +14 Days,Combined Rank of 10 needed to counter this event,,,10,,,
638,Meander Meadow,Mudslide,Negative,-Decrease Biodiversity,Decreases POI Biodiversity level by 10%,Pilot Wings needed to counter this event,Pilot Wings,1,,,,
639,Meander Meadow,Animal Magnetism,Illness,,Animal Magnetism,Micro-Zoology needed to counter this event,Micro-Zoology,1,,,,
640,Meander Meadow,Hairball,Negative,+Expedition Time,Expedition Time: +14 Days,Combined Rank of 12 needed to counter this event,,,12,,,
641,Meander Meadow,Camping Spot,Positive,+XP,+5% XP,XP-dition Journal will unlock this event,,,,,,XP-dition Journal
642,Goldrush Stream,Raft Wreck,Negative,+Expedition Time,Expedition Time: +15 Days,Combined Rank of 10 needed to counter this event.,,,10,,,
643,Goldrush Stream,Mudslide,Negative,-Decrease Biodiversity,Decreases POI Biodiversity level by 10%,Pilot Wings needed to counter this event,Pilot Wings,1,,,,
644,Goldrush Stream,Animal Magnetism,Illness,,Animal Magnetism,Combined Rank of 15 needed to counter this event.,,,15,,,
645,Goldrush Stream,Fireflies,Positive,+Biodiversity,Increases POI Biodiversity level by 15%,Micro-Zoology will unlock this event,Micro-Zoology,1,,,,
646,Farflung Caves,Lost in Farflung Caves,Negative,+Expedition Time,Expedition Time: +20 days,Combined Rank of 12 needed to counter this event.,,,12,,,
647,Farflung Caves,Climbing Accident,Injury,,Hurty Leg: -50% Movement Speed,Survival Skills needed to counter this event,Survival Skills,1,,,,
648,Farflung Caves,Rockslide,Injury,,Broken Face: -25% Happiness,Combined Rank of 25 needed to counter this event.,,,25,,,
649,Under Wilds,Bug Food,MIA,,Lose a Staff Member,Macro-Zoology needed to counter this event,Macro-Zoology,1,,,,
650,Under Wilds,Lost in Farflung Caves,Negative,+Expedition Time,Expedition Time: +20 days,Combined Rank of 15 needed to counter this event.,,,15,,,
651,Under Wilds,Rockslide,Injury,,Broken Face: -25% Happiness,Survival Skills needed to counter this event,Survival Skills,1,,,,
652,Chilly Heather,Blizzard,Injury,,Cold Feet: -25% Movement Speed,Survival Skills needed to counter this event,Survival Skills,1,,,,
653,Chilly Heather,Snow Delay,Negative,+Expedition Time,Expedition Time: +20 days,Combined Rank of 10 needed to counter this event.,,,10,,,
654,Chilly Heather,Chopper Damage,Negative,Helicopter Damage,Helicopter Damage,Pilot Wings needed to counter this event,Pilot Wings,1,,,,
655,Chilly Heather,Slippery Ice,Injury,,Broken Face: -25% Happiness,Combined Rank of 15 needed to counter this event.,,,15,,,
656,Briskward Brook,Slippery Ice,Injury,,Broken Face: -25% Happiness,Combined Rank of 15 needed to counter this event.,,,15,,,
657,Briskward Brook,Blizzard,Injury,,Cold Feet: -25% Movement Speed,Survival Skills needed to counter this event,Survival Skills,1,,,,
658,Briskward Brook,Snow Delay,Negative,+Expedition Time,Expedition Time: +20 days,Combined Rank of 10 needed to counter this event.,,,10,,,
659,Farflung Cliffs,Berg Breach,Negative,Decrease Biodiversity,Decreases POI Biodiversity level by 10%,Pilot Wings needed to counter this event,Pilot Wings,1,,,,
660,Farflung Cliffs,Dismountain,Injury,,Hurty Leg: -50% Movement Speed,Combined Rank of 15 needed to counter this event.,,,15,,,
661,Farflung Cliffs,Snow Delay,Negative,+Expedition Time,Expedition Time: +20 days,Combined Rank of 10 needed to counter this event.,,,10,,,
662,Farflung Cliffs,Blizzard,Injury,,Cold Feet: -25% Movement Speed,Survival Skills needed to counter this event,Survival Skills,1,,,,
663,Iceberg Dip,Berg Breach,Negative,Decrease Biodiversity,Decreases POI Biodiversity level by 10%,Pilot Wings needed to counter this event,Pilot Wings,1,,,,
664,Iceberg Dip,Ice Bath,MIA,,Lose a Staff Member,Survival Skills 2 needed to counter this event,Survival Skills,2,,,,
665,Iceberg Dip,Blizzard,Injury,,Cold Feet: -25% Movement Speed,Combined Rank of 15 needed to counter this event.,,,15,,,
666,Iceberg Dip,Snow Delay,Negative,+Expedition Time,Expedition Time: +20 days,Combined Rank of 10 needed to counter this event.,,,10,,,
